	时间	踩	赞	评分	所看话数	内容
绪山まひろ	1530982477	9292	0	10		我有个想法，动物体内的细胞会不会是兽耳呢d(?д??)
余哇踏诺西	1538299618	137	0	10	13	看番还能涨知识，对生物有点帮助，好评
WNE_02	1531391952	121	0	10	13	《工作细胞》让我深刻意识到世上还有那么多那么多细胞爱着我并为我努力着，谢谢! (*RQ)
Ga_Chou	1540975123	2	0	2	1	。。。。。
Till-Dawn	1538377404	31	0	10	12	从暑假追到现在，昨天完结撒花。来源于现实，向我们展示了细胞的努力奋斗。在你孤身一人时，仍有37兆细胞为你而战。人物的刻画也十分生动。
冥小夕	1540983278	0	0	10	10	超级好看啊！我永远爱白血球！！！
沉静的TA	1540947832	0	0	10		好
比利_黄_仁山大帝	1540943289	0	0	8	13	自从看了这部番我的学考全部过关
哔哩哗啦哔哔哔	1531588142	0	0	10	13	不多说，，，，俩字，，，吹爆！
板烧鸡腿堡啊	1540914685	0	0	10	2	看完之后真的是满满的感动，像弹幕中我能活到现在真是不容易的调侃也好，热评中的感恩感谢也好。总之啊，我看到了，每个细胞，即使生命短暂，但也是在竭尽全力地让自己成为有用的一份子呢。感谢你们组成了现在的我。
舞法天女麦迪文	1540901362	0	0	10	13	看标题的时候，感觉和生物学的内容没什么关系。可是失血性休克那集，血液跑光了了还要升血压，不就是刚学的血压调节嘛，还有中暑那集，也复习了体温调节2333有次做题的时候，题干是培养金黄色葡萄球菌！~
えんの番犬	1540863343	0	0	10	13	新颖的形式介绍身边忽略的事物，贴切真实易接受
乐宝1998	1540795844	1	0	10	13	这个番可以说真的很治愈了，几十兆亿的小伙伴陪伴我们一起成长，一起守护一起成长，为了那些为你付出一切的生命，又怎么可以轻言放弃?
爱吃栗子的年糕君QAQ	1540842244	0	0	10	9	又能科普涨知识，有趣的番
江湖人称二哥哥	1540830130	0	0	10	13	超好看
丢了一撇的我	1540824877	0	0	10	13	没的办法，必须五星支持一下。
dream天火	1540821819	0	0	10	13	＞(￣￣ = ￣洌)<
Tiny_qian	1540819894	0	0	8	1	很有意思的小番 每天在吃饭的时候看
老板3x	1540818767	0	0	10	13	可以可以
你也是水果	1540774261	0	0	6	10	很有新意，但是过于温情了，让人看着想睡觉。不适合我
lhr的鱼丸	1540734447	1	0	10	13	真正的正能量番
elderdriver	1540710305	1	0	10	12	真的是好棒啊。一部搞笑番却看得我心里暖暖的
三千	1540748030	0	0	10	13	很不错的动漫，从里面也学到了很多原来还有这么多细胞为了让我活下去从而每天的认真工作啊！
一根很逊的萝卜	1540741879	0	0	10	13	本来计划给我周边的初中小朋友们推荐这部剧……直到我看到这有点暴力的画面，我………
我有一锅大米饭	1540740254	0	0	6	13	中规中矩
荀芸子	1540732959	0	0	10	13	请一定为了身体里那些可爱的细胞伙伴们，好好活着，每天健康开心的度过，因为到最后不管你是否放弃自己糟蹋自己，他们都会毫无条件全心全意的去保护你，拯救你，坚守你――细胞们的家园，直到他们存在的最后一天！
烽火大队长	1540729742	0	0	10	1	五颗星！！！
ZERO-式	1540723777	0	0	10	13	比较，神奇的，科普番？_(??ω?? 」∠)_
只有小象才能统治世界	1540714729	0	0	10	11	好看好看！！！
暗夜披风	1540711295	0	0	10	13	棒到极致，这部番剧让我知道了那些为我们369天每天24小时工作的细胞们的辛勤与牺牲，向细胞们致敬！！！
不信耶稣不信佛	1540706908	0	0	10	13	制作水准一直保持到最后，对于故事的叙述也很好
Angel丶也会哭灬	1540698860	0	0	10	13	有趣
我头像是我的媳妇	1540696785	0	0	10	13	完结撒花
夜飞啊飞	1540685948	0	0	10	1	谢谢你们，工作细胞们！因为有你们，我才能生活的这么好，时间最美好的事物一直存在于自己身体里！啊～   活着真好！
血小板既正义	1540630669	1	0	10	1	很好的一部番 推荐初一生物刚学到细胞的同学们看
夕阳下的呵呵哒	1540684347	0	0	10	13	人生
DeaR灬By天狼	1540683849	0	0	10	1	妈鸭 惊呆了 为什么有这么好看的番
沉沦L叶	1540668155	0	0	10	10	好看，还有科普
守护芙音	1540663663	0	0	8	12	宅系数比较低的一部番，年龄段比较广，适合入宅观看，就内容而言，是较为轻松的日常，不过连着看会感觉有点乏味，中间有两三个星期没跟补，结果被B站锁了，13集是百度云补完的，科普知识的话，或多或少能学到一点
路路路口	1540655450	0	0	10	13	很好的一部番，以人体中的细胞为主角，是前所未有的，让人感觉耳目一新，剧情也很不错。红细胞是个路痴，白细胞面冷心热，血小板萌的出血，让人欲罢不能。而且我身体里的细胞都在撒狗粮，我却还是个单身狗？！！！！
逐风御策	1540655381	0	0	10	1	一部很神奇的科普番，设定异常新鲜的日常番，表现手法优秀的少儿番等等。（香菜和血小板真可爱）
TMD007	1540653416	0	0	10	13	巨好看
琪露诺是勇者	1540652990	0	0	10	13	牵手吧，如果说这就是命运的话
笑露孤独	1540647024	0	0	10	13	总之，感谢陪伴。  作为一个理科生，工作细胞教会了很多知识，也明白了一些道理。 感谢陪伴。
遗忘の神话	1540645012	0	0	10	3	超级好看！科普番好棒！
暮至夜	1540643177	0	0	10	1	看了第一集，好的，充会员去了
旅程视频设计	1540642278	0	0	10	13	工作细胞新颖独特，第一次看动画学医学知识，早点出第二季吖。
氪命玩家麟	1540623750	0	0	10	13	这是我看过的第二部科普番，第一部是蓝猫淘气三千问 (｀?ω??)
WalseLau	1540618208	0	0	10	13	非常好的科普类动漫、对于生物学和医学来说都有很大的帮助  支持！
雏田雏田雏田雏田雏田	1540612397	0	0	10	13	既有科普小知识 内容也丰富  最后一集也很感人
真真-o-	1540612228	0	0	10	13	感动～
HaSaKi喵呜	1540612133	0	0	10	13	不错～～～还有科普的效果23333
NAIMABEの暴走	1540599379	0	0	10	13	最有意思的教育向动漫了……看完后你会感觉生物老师弱爆了啊23333强烈推荐！！！
柒情G	1540595986	1	0	10	13	这部番诠释了几种比较常见的病症，以及对癌细胞的科普还是很好评的，就是集数少了一点！希望出2
番茄炒西红柿emm	1540534502	1	0	10	1	我们所在的世界不也是一个身体，我们不也是这些所谓的细胞吗
殇冰Z	1539006449	19	0	10	13	最后一集被弹幕“她虽然总是迷路，但是她的心从来没有迷失方向”这句话泪目了，各位，要爱惜自己的身体啊。             我感觉我是不是应该去献个血。。。
情纯小仙女	1538573007	0	0	10	13	好好爱护身体吧
清苔上身	1540573112	0	0	10	1	千言万语也表达不了我喜欢这部番
我还能说什么额	1540570819	0	0	10	6	good job
Ryan老S	1540563275	0	0	10	13	作为一部非常具有教育意义的动画，真的炒鸡好看......狗粮真好吃，血小板酱赛高！！！！！
哦呀君	1540563255	0	0	10	13	好看呐
DD菌	1540562356	0	0	10	11	为我身体里的细胞献上5颗星
fz219	1540552125	0	0	10	2	血小板太萌了! 高考党表示番补完生物可以提20分5?
主角总受萌萌萌	1540549187	0	0	10	12	超有趣
2223192711	1540531480	0	0	10	5	很棒！
山间有小溪	1540531365	0	0	8	13	把人体里的细胞都拟人化感觉很有意思啊！各位，我喜欢树突细胞!开始对人体机能产生了兴趣，上大学之后生物就已经被我忘光了，不过生物果然很有趣啊。
ATP水解酶	1540099546	0	0	10	13	啊啊啊啊啊啊最后一集赚足眼泪！！！13集短小精悍，情节很棒！超爱！
joongly	1540500365	0	0	10	1	语死早只能说真的超棒啊啊啊啊！
筱筱筱筱筱筱雨	1540482488	0	0	10	13	55555趁着大会员还在看完惹
豪子里昂	1540478943	0	0	10	13	这番怎么烁呢。？
☆群星流转之时★	1540467988	0	0	10	13	好看
azalixu	1540466055	0	0	10	13	很好的科普呀
MSP430E	1540457673	0	0	10	13	我也要好好工作才行呢
妮可妮可妮可妮可妮	1540453355	0	0	10	12	5星就完事了
吾王ZhangQL	1540445024	0	0	10	3	我永远喜欢白细胞！！！！！！
阿尔托莉雅`潘德拉贡	1540442702	0	0	10	13	血小板是要萌死我吗？
冥帝残月	1540439723	0	0	10	13	很好看，值得一看
Wedneston	1540399690	0	0	10	12	一部非常优秀的以拟人与科普为主要看点的轻松的番剧，虽然经常会有危机但是也有机会被化解，就像我们的生活一样。  不可以一蹶不振，要快乐，健康第一。
水寒2013	1540395829	0	0	10	1	爱死了，超级好看
泉此方QAQ	1540395611	0	0	10	13	有趣还能科普，重要的是还有香菜！
剑神秦夕颜	1540386797	0	0	10	13	2018年7月新番最大的黑马
想不到有什么昵称改了	1540383777	0	0	10	13	一直存着等完结看，现在看完了，觉得果然自己爱惜自己才最重要！毕竟我体内有那么多可爱的细胞啊～
下一个僵尸SAMA	1540374519	0	0	10	10	非常好看
chenyiran1036	1540369489	0	0	10	13	动漫很好看！！！很新颖的题材，画面也很好！！
火	1540361385	0	0	10	11	满分！！！！！！
悲催光环7	1540361029	0	0	10	13	起先是由血小板的cos知道这部剧，第一集看完就为了这部剧专门开了会员，看过之后绝不后悔，话说……血小板是你们的，巨噬细胞我就抱回家啦
西住美穗ヨ	1540360313	0	0	10	13	非常有教育意义的番剧！
Rie-离	1540357451	0	0	10	13	多谢款待
柠檬青柠檬	1540345228	0	0	10	9	还不错
浪一小	1540342782	0	0	10	13	血小板可爱
烟酒萝莉	1538539159	21	0	10	13	感谢我身体里的每一个细胞(??????)?但为什么那么多勤劳的细胞会构成一个如此懒惰的我QAQ
_舳_	1540317867	0	0	10	13	除去一些设计的有点尴尬的地方，其他都蛮好的。五星好评
初璃北兮	1540310814	0	0	10	11	想看第二季
评论区的脑洞君	1540307240	0	0	10	13	最后一集为我们老乡长脸了，重点是东北人很热情的哦。这部番也写出来了这点。不错5星
henryox	1540307137	0	0	10	13	有2吗。。
家常	1540304938	0	0	10	13	长知识，角色萌，让人能很形象的学到一些基础的知识，对于厌烦了死板的书本学生来说是一个提升兴趣的番，对其他人也能凭借着优秀的表现而喜欢，是一个很好的番剧，能做到这些作为一部科普、子供番已经大大超出了。
沉默的断章	1540303927	0	0	10	13	血小板就是正义，身体里的故事，科普向，剧情有趣
大葡萄媛子	1540302210	0	0	10	13	挺好看的 可以了解很多知识 以后说到这些细胞的时候都会想到这些人物 挺好的
狍子鹿鹿鹿	1540301494	0	0	10	13	感觉有点教育意义
梦-二次元	1540298001	0	0	10	13	近年来少有看哭我的番
月寒曰暖	1540281128	0	0	10	9	啊，血小板好可爱！！！！
汤圆烫	1540277478	0	0	10	12	好看好看！
ZangTianTaoGe	1540275204	0	0	10	13	啊  又想见血小板了
快把这个人拉去学习	1540271154	0	0	10	13	“照顾好自己。因为你不仅伤害了自己还伤害了37亿个细胞”
吕醉卉	1540267526	0	0	10	10	好看的很有科普性
明知早知离别	1540256375	0	0	10	13	活着这么久不易啊
暗夜猫猫猫妖	1540254569	0	0	10	1	毕业多年的理科生不要脸滴表示，很亲切的设定～一集一个小故事的形式也不容易崩，毕竟人体内有那么多让人惊叹的小秘密，只要能好好讲出来，就不愁没有好故事。没错我在许愿第二三四...季啦！
助手さま大好き	1540188838	1	0	10	10	超出预期的好的一部番，涨了很多知识的同时又被喂了很多狗粮就是了_(:з」∠)_
迷路阿飞	1535420926	0	0	10	13	外来物种大量入侵B站希望B站的原住民别被新来的取而代之了
きのしたひでよし	1540235575	0	0	10	13	血小板最棒
水来桑	1540227135	0	0	10	13	最成功的一部番剧
Ta_2_央家的喵酱	1540226131	0	0	10	13	深觉受伤真是对不起我体内的细胞们
饭团的二欢	1540221935	0	0	8	13	整体上还行，专业术语整得有点多让我也认真了起来……但还是有些地方槽点也多……想要在这部作品学习专业知识的话只用看方框里的字就够了。
八百万只喵	1540207501	0	0	10	13	辛苦各位啦
Sakuraと绘梨衣丶	1540206256	0	0	10	13	设定新奇，阵容强大，我还能说什么呢
蠢琊乖乖	1540203315	0	0	10	13	血小板！！！
三四帝	1540200618	0	0	8	13	剧情一般
一只小明LLK	1540200351	0	0	10	13	为了自己体内的细胞一定要好好活着！！
MARKGAO1998	1540180343	0	0	10	13	真心感谢这部番以通俗易懂而又励志的形式介绍了人体内各种细胞的功能。仔细想想，体内的细胞们为了维持这副身体的正常运转都这么努力，那么作为这副身体的主人，我又有什么理由不努力活下去呢？
An安仔_	1540179307	0	0	10	13	在我朋友圈空间微博火了这么久的番，终于被我补完了，首先真的很被这种细胞团结的力量打动，其次这部番很有教育作用，可以让大家能够更了解自己的身体内部的状况，要一直健康哦，这部番身体里边的细胞都太可爱了！！
二月洛阳	1540113368	1	0	10	13	一个字棒，俩个字好看，三个字第二季。
社会l诚哥	1540137077	0	0	10	13	emmm看完之后张姿势了
丿安啦丶	1540136750	0	0	10	13	好看d(●??｀●)?哇～
魔绘小源	1540135703	0	0	10	13	很喜欢的一部番剧，用拟人化的形式讲述了人身体的种种变化，看到最后两集莫名伤感。em。。。。。要好好爱惜身体啊米娜
LAST丶琉璃	1540134558	0	0	10	13	喜欢香菜的红血球(RωQ)/
眼罩才是本体233	1540130375	0	0	10	12	创意很好，科普性强，1146超帅啊啊啊啊啊啊啊啊
幻想の电波	1540125426	0	0	10	13	迟到的完结撒花，看了之后，感觉更要好好的生活了，不然怎么对得起37兆的细胞们呢2333
翩然幻蝶若烟花	1540124353	0	0	10	13	这番告诉我们要爱惜自己，不要给我们可爱的细胞添麻烦，他们每天那么辛苦
大魔王0422	1540124117	0	0	10	13	值得五星的番剧
Aoki大酱	1540122833	0	0	10	13	其实是科普片。
亦鱼柚天	1540116072	0	0	10	1	话不多说，笔芯。
御坂美琴09号	1540115394	0	0	10	12	哈哈哈，血小板好可爱
卞卞bili	1540114196	0	0	10	13	有意思
嫌弃不听八爷的人儿	1540111473	0	0	10	13	设定很有创意感觉算近些年来挺有创意的番了，但可能因为每集设定是一个症状就是会有种单元剧的感觉，容易缺乏高潮和新鲜感了。但漫画其他番外挺有趣的，也期待动画化啊！
小可郾懒	1540104641	0	0	10	10	科普番，不e不e，另外，5星o白血球~
新垣结衣正牌男友	1540102613	0	0	10	4	五星好评
一直这样E	1540100869	0	0	10	13	我的血小板世界第一可爱? ??
爱看动漫的发仔	1540099976	0	0	10	13	不错的日常科普番
某部长の橘子酱	1540099065	0	0	10	13	棒！
Clear雨	1540097924	0	0	10	13	感谢为学生物的人提供如此生动的教学，也万分感谢让我认识了那么多因我而努力的细胞们啊w
卡卡弥稀	1540095624	0	0	10	13	好喜欢血小板，太有爱了。
我才不是乖宝宝丶	1540094398	0	0	10	13	非常好看！！！！
孕投番-	1540093426	0	0	10	13	果断五星
瞪谁谁怀孕哦	1540089582	0	0	8	13	老少咸宜。
吾王剑锋所指啊	1540089497	0	0	10	13	结局泪目
盖被子的猫	1540088276	0	0	8	13	我给4颗星是觉得综合来说这个番的质量不错还有一点点科普性质。但还是不是神作
渚之星	1540082848	0	0	10	13	寓教于乐，同时又不失狗粮与搞笑桥段，合而为一，一部别致另类的好番
姊零寂冢	1540080441	0	0	10	11	健康是最好的祝福了！
d灰白	1540046451	1	0	10	13	科普番还是第一次看，另外我永远喜欢红血球( ?? ? )
ionion	1539921635	2	0	10	13	在医院陪住院的阿公，吸了一辈子烟和潮汕口味，80多岁喉癌和肺气肿，喉咙肿瘤连液体都很难吞咽，日夜倒睡，晚上特别折磨人。看完结集的时候就在想他的身体里是什么样的，细胞的大家都是偏执狂吧。
河被人	1540057843	0	0	8	13	rua，看着过瘾这就对了！整体上来说已经很好了（除了偶尔的崩坏和火柴人以外），话说我没想到细胞也能这么燃。。。。
ゼラニウムの子	1540050732	0	0	10	13	觉得13话把这部番的立意提升了一个层次。前面一直是个科普番还带着一些狗粮，但看完最后一话真的感触很深。连细胞面临绝境都还挣扎着，何况是人呢。希望大家都能爱惜自己的身体，好好活着
Jay丶偏执	1540046310	0	0	10	13	佳作
肤黑更腹黑的腹黑黑	1540041909	0	0	10	13	超棒
栗包090	1540039862	0	0	10	12	学生物的时候头脑都有他们啦 敲可爱好看
咿呀家小鱼干	1540033128	0	0	10	13	超喜欢血小板
平居士	1540028397	0	0	10	13	这是我今年看到的最棒的番
世上第一难事	1540027631	0	0	8	13	很有趣的动画，想到身体里有那么多每天都在努力的细胞，我都充满了力量了。还有最重要的一点就是好好照顾身体，长命百岁啊~
星阶人	1540025823	0	0	8	13	这种科普番挺创新的，但剧情有点幼稚了
青冥月华	1540021248	0	0	10	13	没太多说的，很不错的番
我家艾拉美如画	1540020714	0	0	8	1	还行吧，没有想象中那么好看，血小板出现场次太少了，但是白血球好暖，红血球呆萌呆萌哒
败者交	1540018695	0	0	10	12	豁 最后一集没看 看不了了
丢蕾S姆	1540012968	0	0	10	1	实话，挺有趣的
逐渐退出哔哩	1540010254	0	0	8	10	还行
翳羽见君	1540008751	0	0	8	13	更新完之后就都要会员了，庆幸自己有一集一集的追
啵啵啵啵啵饽	1540001677	0	0	10	7	看番学生物(????ω????)
花间鹤sun	1540001112	0	0	10	5	阿学医的毫无压力阿w血小板好可爱
小拳拳捶你丫胸口	1539997419	0	0	10	9	很不错的一部番
十三	1539995540	0	0	10	13	工作细胞真的超级好啊！
萌萌小肥喵	1539870647	2	0	10	13	b站好变态，一播完几天后就只能永久大会员看了…
摇滚侑用	1532616886	0	0	10	9	一集一集追赶过来，结果留下了穷人的眼泪
GraceAuthor	1539967454	0	0	10	1	超级喜欢血小板
逍遥の翎	1539966203	0	0	10	10	真希望高中生物课老师可以拿这部番讲稳态
@の思念在凋落丶	1539964488	0	0	10	10	一看是是因为在抖音上看到的血小板的样子觉得很可爱才可是对这部番剧开始感兴趣的，后来发现这是一部很好的番剧，以细胞拟人化的方式来科普人体中各个细胞的作用，即可以了解到一定的常识，有可以很愉快轻松的看完它
ゼロの原点	1539963710	0	0	10	13	为了红细胞，不熬夜，睡了！！
失落-孤魂	1539957873	0	0	10	12	一边享受红白狗粮，一边学习，好评
失去梦想突然变成咸鱼	1539957163	0	0	10	13	因为疯传血小板表情包慕名而来，喜欢香菜的声音，每一集都期待红细胞出场（虽然有一集没有红细胞），而且这部番是真正的把生物知识融入到番剧中，在观众看的开心的同时还普及了生物，真的很棒
胸前的红领巾格外鲜艳	1539956403	0	0	10	13	好久没看到这样趣味性和科普性的番了，很期待有后续第二季
风中流逝的沙	1539949478	0	0	10	13	白赤赛高！
纪阡陌	1539946223	0	0	10	13	非常好看！
君子协会	1539932280	0	0	10	13	完美
海贼妖尾银魂smida	1539925140	0	0	10	13	很好看，具有科普性
钰溪	1539924924	0	0	10	13	血小板，万恶之源。
的哟孤的元	1539896340	1	0	10	12	非常好看
易水肖潇	1539882335	1	0	10	13	长知识了
孤寡小夜曲	1539880238	1	0	10	13	如果要让我来点评，我只能说，神番！
结-城	1539616888	0	0	8	8	13565
FalconBBP	1539883086	0	0	8	13	生物生看到这个死而无憾了
RS-SIEGE	1539878795	0	0	10	1	真的强力推荐，适合所有年龄段的人看，感人有趣不乏可爱气息的科普番！
我帅吗？帅啊！	1539873842	0	0	10	13	好看好看！！！
g晓	1539869293	0	0	10	13	非常超级棒的番
圈圈poi	1539864737	0	0	10	12	将科普与动画很好的结合在一起，也基本上没有什么专业性错误，非常推荐啊
冬秋志	1539864179	0	0	10	13	再见了我的血小板，从今天以后就再也看不到你熟悉的声音了，再也听不到你软到心里的声音了。再见了，我会一直等你的再次出现。这是一部很好的番剧，把枯燥无味抽象的东西，生动的表现出来，点个赞。
白色的城	1539863970	0	0	10	10	不错的科普向动漫，尤其适合考前看（笑哭）
欧尼桑呆	1539855121	0	0	6	1	大会员。。。在别的地方看完了
抄作业高手	1539840540	0	0	10	7	高中我要是……看到这个番，能学不好生物嘛？？？？？（小声bb）
会魔术的小丑写手	1539833271	0	0	10	13	科普类动漫，本来就是弱项，所以他的加成分数很高，所以依照动漫本身是8分，然后加成科普…………18分……… 怎么办，最高10分的啊
魔枪666	1539833013	0	0	10	12	不想说话，五星就完了
尘心_	1538835308	0	0	2	12	后期剧情有点无聊
tony1379	1539792159	0	0	10	13	轻松有趣的剧情带点知识普及，很不错的番
我然机智	1539790507	0	0	10	13	吹到爆！
无量真人	1539790213	0	0	10	13	4级了，23333，过来给个好评。
LECF	1539789552	0	0	10	13	有这么多的细胞在支持我，我还有什么理由自暴自弃
让樱子来妮可你吧	1539782999	0	0	10	13	太感动了，会好好爱惜自己的身体的
在下小仙猫	1539777669	0	0	10	13	棒棒哒，传递知识
优风风	1539776275	0	0	10	13	л??????? (?????)?
王玉百合子	1539775421	0	0	10	9	有糖有科普有温暖有搞笑，就是这样的动漫才好看呀www
O小黄豆O	1539774436	0	0	10	12	真的很棒的一部科普喜剧，生物课要是都这样教，还有什么学不会的，作者真是人才，最后，感谢我生命中的每一个细胞，你们辛苦了。
cccabl	1539763902	0	0	10	13	超喜欢呦
TTViz	1539752115	0	0	10	13	是一个学习生物的好动漫*??(@ωA*)?*?
嬗痨	1539750831	0	0	10	13	大爱~原来这个世界还是有些人（细胞）在为我们拼过命。以后还是要好好爱护我们的身体啊
原罪漠天	1539748709	0	0	8	13	吞噬
雪鸠雪鸠小雪鸠	1539743242	0	0	10	13	白血球好帅啊，嘤
岚渊大人	1539741113	0	0	10	13	是一部非常好的番了，刚开始以为是一波巨大的狗粮，一想到自己身体里红细胞和白血球在谈恋爱就觉得心塞。看到最后，突然发现很励志。“我虽然会迷路，但从未迷失过心的方向。”这是来自红细胞的态度
沉迷于动漫和音乐的诺	1539737592	0	0	10	13	这是一部非常有意思，有内涵，有意义的番剧，看完《工作细胞》后大家多多少少对自已的身体有了一定的了解，强烈推荐这部《工作细胞》。作为生物上的教材也很不错的一说。总结：能活到今天真不容易，谢谢细胞们。
想哈师大	1539737289	0	0	10	13	啊～～   好好看的动画    特别的治愈   适合各个阶段的人群看
雪凝h儿	1531419439	0	0	10	13	完结，科普番真的非常棒
Jhon-_-Harris	1539711160	0	0	10	12	我想不用多说什么，让大家的欢呼声告诉你这部番为何值得去看
嘟了个嘟噜	1539707619	0	0	10	13	为了香菜，血小板，还有科普必须给五星
hadhand	1539704974	0	0	10	13	数亿细胞们一直在为你不断地奋斗，而你又有什么理由不努力的活下去、努力下去呢。
gary21539	1539696893	0	0	10		非常有趣!
时崎洛糸	1539695404	0	0	10	9	666
啼鸟恋诗	1539676372	0	0	10	13	真的超级好看！被细胞们治愈了~
我如是道	1539674783	0	0	10	13	真的...........................
神作观测者	1539669736	0	0	10	13	心目中已经很钢炼石头门一个等级了，剧情，人设制作都是顶级，富有科学知识，或微妙或强烈的感情。愿工作细胞能被更多人记住，成为流传起来的神作。
怀梦撞南墙い	1539669258	0	0	8	10	啊啊啊啊啊啊啊啊啊啊啊啊啊
学医救不了智障队友	1539667258	0	0	10	13	还行
杀老师的布丁	1539666283	0	0	8	13	制作水平不错，但目前除了血小板没什么亮点
乐观至丶上	1539664523	0	0	10	13	当遇事不顺的时候，想想身体里还有好几百亿的细胞们在为了你而努力的工作，你还有什么理由不振作起来呢？健康快乐的生活下去吧！！！
梦寻仙缘	1539651081	0	0	10	13	好评，力推。
阿狼小宇	1539580689	1	0	10	7	我为了你成为大会员
失去梦想的训练师	1539628627	0	0	10	13	能学到东西番在我眼里都是好番!
仔细听朕说	1539626157	0	0	8	13	很优秀，很好看。我的细胞很努力，我却很懒，我的细胞很爱情，我却死宅，我的血小板很可爱，我也很可爱
何其有辜sama	1539623139	0	0	10	13	就怕科普番煽情，哭死我了，期待下一季，想看红白cpr18本子哇
凹凸Man特别胸	1539622844	0	0	10	13	我准备去献血，白哥你有何看法？
零玖的梦	1539619935	0	0	10	13	真的是一部超棒的科普番！
胖樱的铲屎官嗷呜	1539617457	0	0	10	12	反手一个五星
_栀子w	1539615082	0	0	10	13	(?￣￣)?
二萌好萌好可爱	1539613971	0	0	10	2	血小板好可爱！好萌啊啊啊啊啊啊啊啊！！！
牛顿是只猫	1539613468	0	0	10	10	可爱可爱！
半拉儿柯基	1539613005	0	0	8	13	虽说看起来有点幼稚，画风也没有太精致，不过总体剧情挺有新意也科普了一些知识，最后两集真的不错哈哈
一个没有存在感的人	1539612443	0	0	10	13	放心吧，这些不是你的细胞。你的细胞就像这样→凸⊙ω⊙凸
不会取名的UP主	1539609775	0	0	10	13	完结撒花～
Freeze_Meadow	1539608786	0	0	10	13	OvO
天宁最棒了	1539606864	0	0	10	13	工作细胞这个作品可以说十分的真实而且达到了富有寓意，让人切实的知道自己身体内细胞的可贵，同时增进了生物知识，还是十分推荐的~
Inori怜祈	1539606002	0	0	10	13	我真的觉得生物课可以看这番了
15700842636pxr	1539605151	0	0	8	12	还不错啊
略略略的方便面	1539598476	0	0	10	13	好看
一世浮尘zZ	1539595731	0	0	10	13	每一集都是一个温暖人心的故事，红白赛高
可是我只会嘤嘤嘤啊	1539589706	0	0	10	13	非常棒
Daisy黛西_7	1539587270	0	0	10	13	怎么说呢，身为理科生，当初还励志当医生的我，说实话很多知识也都忘记了。类似科普番，做的很棒！我比较胆小害怕打针流血之类的，但是看完本番，有时候会脑补一下，还是能缓解我的紧张情绪的！撒花！期待第二季！！
拆家小分队成员	1539581756	0	0	10	13	承包血小板
严烯荧	1539578642	0	0	10	3	超级可爱，还能学到知识(? ??` ?)
低调0逍遥	1539576549	0	0	10	13	真正的老少皆宜寓教于乐
风林之雨	1539525081	1	0	10	13	是一部非常不错的科普类动画，挺有意思的。
故梦不忆	1539514261	1	0	10	13	硬核科普向噗，很有趣的体内细胞们的日常(所以身体的主人是真的倒霉！整天各种出事)细胞们都好可爱
橘橘子FFFFF	1539504263	1	0	10	1	血小板也太可爱了吧！！！还有好多角色也好好看啊
Akie念旧大魔王_	1539500082	1	0	10	12	吹爆！！很棒w！
苍雪丶灵	1539544167	0	0	10	11	55
望月苍太丶	1539541099	0	0	10	13	棒棒棒
萧瑟山林	1539540021	0	0	10	13	没办法啦，总不能给四星吧
恕风川	1539534025	0	0	10	13	三观正且颇富教育意义的番剧，在欣赏动漫剧情的同时也间接学习了关于各种突发性状况的来由以及处理过程（其实呃也不知道我在写啥）
风华绝代の团子	1539533597	0	0	10	13	我爱学生物
不是三岁是岁三	1539529059	0	0	10	13	太好看了！寓教于乐！
夏娜が大好き	1539528943	0	0	10	13	超好看・・・很喜欢血小板，还有，咱体内的细胞不会也谈恋爱吧
爱玩电脑的小屁孩	1539527244	0	0	10	13	有感动，有欢乐，看到了细胞们的坚持，感谢你们为我做的一切，谢谢我的细胞们
超爱学习鸭	1539518330	0	0	10	13	好看好看好看，看完之后超爱自己~
长歌_v	1539513969	0	0	10	13	学到了很多，也很感动，好看
玫血座烨	1539508334	0	0	10	13	非常治愈了 今后一定要努力生活呀~
任云润玉熙	1539503644	0	0	10	13	硬核番。画风非常棒。
瑞小瑞酱	1539498455	0	0	10	13	很不错，不用说了，血小板这个番很好
刻刻帝的master	1539498149	0	0	10	13	看完了，很喜欢喔！
轩辕圣	1539496643	0	0	10	13	一部非常寓教于乐的动画，不指望别人能够通过这部理解二次元，只希望我们的香菜还是这么萌
露露缇雅的隐仆	1539494399	0	0	10	13	很厉害
淡墨雅然	1539494110	0	0	10	13	今天终于看完了，感谢陪伴
十三某家	1539491472	0	0	10	13	一部极为成功的科普动漫
珂学家改变世界吖	1539490969	0	0	10	1	生物选考前前来补番，血小板助我生物100！
☆萌萌哒♂	1539490267	0	0	10	13	意外的好看呢(?????)
一曰久生情一	1539486552	0	0	10	13	好看，感动(?_?)
莱普塔	1539485673	0	0	10	13	呃，不知道说什么，总之……血小板我老婆，拔刀吧ψ(｀??)ψ
虐猫狂人薜定谔	1539485591	0	0	8	13	少的一星在最后几集的画风
水中月残	1539484348	0	0	10	12	感谢～
毛毛毛毛毛毛毛毛毛线	1539483051	0	0	10	13	无需多言，感觉好看就给五星。
神仙酒QwQ	1539482041	0	0	10	13	好看，感谢你们的陪伴
雅殊	1539481264	0	0	10	13	补完打卡。
士郎bageI	1539479616	0	0	10	13	强大的声优阵容，有趣且硬核的科普，强推
六花的最强勇者	1539435322	1	0	10	13	我就不多说了，血小板赛高！
秀爷萌哒哒	1539424730	1	0	10	13	超级好看
非常科学的分析	1539415259	1	0	10	13	五星好评，期待第二季
酱紫萝丽控	1539234245	3	0	10	13	不要绝望，不要悲伤，想想红细胞
面漆	1538241802	0	0	8	13	吼看
夜雨L	1539448947	0	0	10	13	很好看的番，设定很有趣，科普也很棒。白哥超帅啊。
罐子里的裴裴	1539447447	0	0	10	11	真的很棒的动漫。其实是因为开屏说工作细胞要破一亿了本身很喜欢生物才来追的番。画风很可爱。很多知识都可以学到!如果说我心里拟人的巅峰之前是疯狂动物城的话。现在还要加上工作细胞。!!血小板真的太太太可爱了
WanTonXi	1539447400	0	0	10	12	不错
皓哥天降	1539447348	0	0	10	13	这个动漫真的是将寓教于乐做到了极致啊，最重要的是这部动漫它传达了一个理念，既然细胞都为我们如此努力了，我们有什么理由不努力呢？一个个令人感动的瞬间不仅让我们学到了一些知识也会让我们对自己身体更加爱护
旧光影里的一瞥	1539447308	0	0	10	12	血小板很可爱 白细胞和红血球好配啊 哈哈哈哈哈而且很有教育意义 很好看
奋斗的别克	1539446969	0	0	10	1	非常科学的洗不动漫
核爆AZ	1539446069	0	0	10	13	看完之后感觉活着真好y( B?. )耶~
白门楼二期工程赞助商	1539444688	0	0	10	13	完结撒花~ 话说，输液也好，输血也好，果然身体出了大问题还是得靠外援2333
不必谁丶懂我	1539444664	0	0	10	13	好看不解释
凛冬_SAMA	1539444574	0	0	10	2	医学生表示很契合专业书本上的内容。
-v-	1539442860	0	0	10	13	"首先那,对晚来的完结撒花感到抱歉，对于本来就一直很期待的番来说,好看是肯定不用言语的，血小板的可爱，红细胞的“认真态度”，白细胞的护妻,看完真的很感动,对于本来就喜欢日常动漫的我,真的很喜欢！"
Carry丿夜陌	1539441252	0	0	10	12	好看！
言魔小鸽迷	1539440547	0	0	10	13	真的超棒啊
纸胶带qwq	1539440171	0	0	10	13	看到最后很感动
古凶兽之首饕餮	1539439306	0	0	10	13	真tnd好看呀。
凑漏听说名字可以很长	1539438423	0	0	10	13	很nice的科普！
SY-gamelife	1539438079	0	0	6	13	非常大众，在我看来除了科普知识和创意以外没什么亮点，不过正因为大众化所以才会有1亿多的播放量吧。
FILEACT	1539438016	0	0	10	13	无时无刻都有37兆两千亿个生命希望你活下去，为你的生存拼命，就算只为了他们的努力，也要对自己好一点，好好活下去。
为什么非要取名字哈	1539437400	0	0	10	13	超好看
中二的洋芋	1539433772	0	0	10	13	一直就很喜欢日常番，这个别有一种小清新的感觉啊。欢乐而不过分，拿捏有当。神作，我觉得当之无愧
すずきm子	1539433249	0	0	10	13	好看好看哟！血小板好可爱(/ω＼)害羞
水奏迷子	1539433095	0	0	10	13	不多说，好看又涨知识，真是难得一见的好番。最后一集看到细胞们不放弃的奋斗真的泪目了，米娜桑为了自己身体里的细胞们也要珍惜自己啊(?????????)
吹口琴的逗比	1539431014	0	0	10	13	看就完事了
云中擒鲤	1539430447	0	0	10	13	谢谢你们为了我能活下去，那么拼命地工作着
嗨嗨家的新sama	1539430289	0	0	10	13	好看！！超级好看(??ω??)?我爱血小板！！！抱走～
喵栀Y	1539430165	0	0	10	13	真的是很棒的番呢，甜的不要不要的(???`)
r崎r雨	1539430090	0	0	10	13	最后一集的关西腔哈哈哈哈哈哈哈哈！
无奈命犯红颜	1539428724	0	0	8	13	题材新颖，但仅此而已，故事剧情太简单。
污力汪财	1539427775	0	0	10	13	(′bω。F)看得我好感动
素水贞	1539427004	0	0	8	9	观感不是特别好
改造人梳打侠二	1539426378	0	0	10	13	完美
珂依木	1539425093	0	0	10	13	超级爆，看哭了！！！好感动，无论自己再怎么丧，身体里面还有这么多细胞为了你在努力，想起来就很感动，也不这么丧了。
古老咩	1539425042	0	0	10	13	好番，科普知识
拉风的舰长	1539424698	0	0	10	13	非常不错的科普番
Redology	1539423120	0	0	10	13	红白真的好甜啊！！！
繁枝55229	1539422155	0	0	10	3	我jio的好看(??ω??)?
OOQAT	1539421982	0	0	10	13	既放松头脑，又可以了解一点知识，很不错的番
福尔摩斯-翔	1539420950	0	0	10	13	还是不错的
希夕冉染	1539420075	0	0	10	13	科普类的动漫好评啊！描写详细，适合众多人群观看
小绮哦	1539419653	0	0	8	13	休闲娱乐
Koinre	1539419481	0	0	10	13	相当优秀
桃林樱花	1539419469	0	0	10	13	非常喜欢工作细胞这部动漫作品希望能够多出一些这种题材的动漫
Paati	1539418279	0	0	10	13	一些晦涩的生物知识被这部番搞得很生动，寓教于乐不过如此了吧，希望以后能看到更多脑洞大开，生动形象，有意义的番！！
懒兔子有点甜	1539417979	0	0	10	13	可以说是目前最喜欢的一部番了，科普的同时也不会让人觉得枯燥无味，你的身体里有37兆2000亿细胞在为你加油，一定要好好的活下去啊！
buling萌萌哒	1539417748	0	0	10	13	非常棒！！！！！！
mil是个蠢马er	1539417583	0	0	10	13	超棒的番
慕颜韶清	1539417348	0	0	10	13	屯了那么久终于更完，看完了，真的很暖心
刹妖域	1539415385	0	0	10	13	完结撒花，感谢陪伴
光哒么么呀	1539414601	0	0	10	8	超级喜欢工作细胞了！！！！！在消磨时间的同时改学习了很多有关自己身体的基本知识！！！！！！
通让线的守候	1539414518	0	0	10	13	一部真正的科普巨作
呜哩哇啦雷姆	1539413972	0	0	10	2	好看
带特效的小仙女	1539413505	0	0	10	13	即有趣又能学到知识，是这部番最大的优点。很高兴《工作细胞》带来知识的同时，也给我们带来快乐，提醒我们要好好爱护自己的身体，毕竟有那么多细胞在努力呀！（认真脸）最后说一句：白赤赛高！血小板第一萌！
汤圆味元宵	1539413158	0	0	10	13	对于一个觉得学生物无聊的人，这就是红果果的福利呀！当细胞，细菌等被拟人化，感觉学习生物变成了一件很有意思的事呢！
未娶陈沐上B站	1539411146	0	0	10	13	非常温馨可爱的动漫
执念的念	1539410150	0	0	10	13	真的很棒啊！希望有续作！
陈雨林Louisa	1539409457	0	0	10	13	超棒，希望有第二部
一夜东流水	1539409442	0	0	10	3	很不错
shpluto	1539408940	0	0	10	13	非常好的一部作品
O璃ザ	1539408505	0	0	10	13	工作细胞通过动漫的形式讲解了一些生物体系的循环。寓教于乐，奶思！
少女胯下藏巨物	1539408381	0	0	10	13	很棒
哈哈哈呵呵呵233	1539408321	0	0	10	13	感谢陪伴
┌獯蠛	1539408262	0	0	10	13	不多说，太好看了（＾◇＾）
恶魔杯糕	1539407958	0	0	10	11	超好看！还可以科普！
暴走的白羊座	1539406914	0	0	10	12	完美补完，感谢陪伴
维多利亚一直哭	1539404925	0	0	10	13	你的细胞都那么努力，为了你努力的工作生活，无论发生什么困难都不放弃，那你呢，还想要放弃自己吗？
肥宅保护协会	1539404301	0	0	10	13	很好的动漫啊，科普和趣味性合二为一。感谢陪伴，笔芯
带带秦天	1539403053	0	0	10	11	emmm感觉很不错，把细胞弄得有声有色，既有一点不符合现实更有很多地方符合现实
lucky一夏	1539402720	0	0	10	6	最后的撒狗粮我吃了
风油精厂商-扁鹊	1539402058	0	0	10	13	超级好
-菁涵-	1539401659	0	0	10	13	完结撒花，感谢陪伴
林里个木木个林小木木	1539400617	0	0	10	13	这个动画真的好看呢！！！在里面也学习了很多新知识！！！还有癌细胞是真帅气！！
深潜为明天	1539400327	0	0	10	13	暖心的，有意义的番，帅帅的白细胞，天然呆的红细胞，呆萌的血小板，腹黑的树状细胞，御姐的巨噬细胞，都好喜欢(??ω?)?嘿
Ene_O_o	1539399879	0	0	10	13	这部番让我对生物重拾了兴趣，忘不了他们了
dhdung	1539398088	0	0	10	13	完结撒花c(○??`)?
山西土豪	1539396595	0	0	10	13	不错不错，励志。
微笑服魅众生	1539396424	0	0	10	12	特别喜欢的科普番，大概是寓教于乐吧，对于理科狗来说超级棒呢
熊喵酱(?????)	1539396208	0	0	10	13	感谢陪伴！c(°°)ノ完结撒花！
糖分不是非糖	1539394342	0	0	10	13	很有意义打番 最后两集泪目QAQ
创世为神	1539393126	0	0	10	13	非常棒
相爱即正义	1539392899	0	0	10	13	期待第二季
蓝音之恋	1539392794	0	0	10	13	结尾有点平常，内容挺好看的。血小板我抱走了。
动态有福利的叶夜酱	1539391739	0	0	10	5	我永远喜欢巨噬细胞
浅浅的旧城时光	1539389698	0	0	10	12	这个五星是绝对没有毛病的！
CrisxCC	1539372274	1	0	10	13	人物设定都很能抓住特点，富有特色、鲜明有趣，后面的一些集数节奏虽有一点拖沓，但非常能够理解，也不会感到无聊。总之看起来非常开心，真正的寓教于乐，而且也不显得过于幼稚，老少皆宜。给个满分以示鼓励。
ちょう-たからもの	1539363125	1	0	10	11	当你不知所措，不知道该为谁而活下去的时候，你要记得：你的身体里还有三十七亿兆个细胞在为你而活着。所以，好好活着吧！●ｖ●
爆坑数据	1539352495	1	0	10	13	完结撒花，这部番让我初中三年级所有知识都预习了一遍。
红海花时久伴宇	1539337697	1	0	10	5	超级喜欢！虽然路痴但是很热血的红细胞，总在关键时刻出现的暖男白细胞，还有超级超级可爱的血小板！t细胞、巨噬细胞、树突细胞…难过的时候想到身体里为了我工作的细胞们顿时觉得被治愈了！超爱《工作细胞》！
凉亭不临水	1539240148	2	0	10	13	太感恿耍第一次w到血液的重要，m然一直都知道I血救人，但直到F在才有深刻的了解，原慝I血是@N重要的事。
Kyoko_Toshinou	1538907764	0	0	10	13	一部优秀的片子，用拟人的手法来科普人体十分有趣。
顾夏时Natsuki	1537012482	0	0	10	13	已补番，很好的一部番(我实在想不出打什么话了)完结撒花，感谢陪伴(⌒⌒)2018/10/13一周目
RELEASE-THESPYCE	1535880415	0	0	10	13	这是一部很好的学习番，不光给学医的巩固知识，还可以给其他人学习人体的一些知识，还可以给刚刚开始学医的做学习资料，毕竟老是看三次元的细胞，很多人都觉得无聊，拟人化的细胞可以让一些人激起学习兴趣
Timeless倒影	1531330072	1	0	10	13	很不错，又可爱又能长见识
夜幽冥殇	1539388727	0	0	10	13	新来的细胞真是太硬核了
逻辑不符合逻辑	1539373390	0	0	10	7	不多说了，看吧！
草非君	1539367591	0	0	10	13	这样完结了总有点空落落的……总之期待第二季！
鱼与茄子	1539365697	0	0	10	13	寓教于乐
文学系少年JoJo桑	1539364350	0	0	10	13	你的细胞都没有放弃你，你还有理由放弃自己吗？
人形自走炮_	1539362825	0	0	10	13	工作细胞让我感到有那么多细胞努力的不求回报的只为我一人工作，莫名一丝感动，谢谢你们，我爱你们
Diemeng在发现	1539362189	0	0	10	13	欢乐的动画还能学到知识
不怎么老实的老实人	1539361031	0	0	10	12	:-D
无敌的饵块	1539360399	0	0	10	13	啊。终于看完了。这是一部很好的科普番(??)，很形象，也很好看。情节曲折动人................
小坏坏丶bilibili	1539360069	0	0	10	13	从自闭飞扬过来，感觉已经自闭的三观得到了纠正。。作为一个全龄向的作品真的很棒，最后的燃点铺垫的也很自然很燃爆。嗯，我们或许会迷路，但我们的心从未忘记最初的方向！
子爵孑	1539359643	0	0	10	13	教学番，受益匪浅！！！满分推荐，搞笑的内容，夹带教学
白小SAMA	1539358737	0	0	10	13	内牛满面
非彼即我	1539358633	0	0	10	13	好看很好看，身为文科生终于懂了点理科知识(=^^=)，喜欢红细胞，喜欢白细胞，喜欢血小板，喜欢。。。。。。。（才不承认是我记性差）很好看，希望有第二季，第三季，等等
肥宅自有肥宅爱	1539357837	0	0	10	13	我觉得应该科普些日常病比较好，比如流行感冒，病毒性感冒，咳嗽，割伤什么的，会不会有第二季呢，期待
无聊的无聊菌	1539357159	0	0	8	13	血小板戏份好少，不开心
雾都雾	1539357013	0	0	10	13	很吸引人了  还可以涨知识的说  棒棒棒
夏翔哥	1539356762	0	0	10	13	很棒的番，算是我看过的番剧中很好的了（不怎么会说话），完结撒花，期待其他作品（或者有下一季也可以）加油！
小明小明23333	1539356734	0	0	10	12	温馨而有趣，开始注意自己的健康了呢～
殇忆水	1539356362	0	0	10	13	超级赞，而且补习生物知识
暴躁的安拉	1539356243	0	0	10	13	真的没看够啊
帅气灬农夫	1539356235	0	0	10	13	这么好看又有科普 满分我都嫌少啊～
愁君陌	1539355990	0	0	10	13	感谢陪伴
爱汝之脸蛋	1539355428	0	0	10	13	对于我一个理科生来说，免疫系统完全学的不错，很不错的番
白夜银月玲珑声	1539354357	0	0	10	13	好好好好看
黑与新一	1539353824	0	0	10	12	赛高
辰宇の	1539352769	0	0	10	13	促进了学习的积极性吧，挺好的一部番
西方艺术的精髓	1539352137	0	0	10	13	超。。。好看
你只要开心就好啦	1539351548	0	0	10	13	晚了两天看完了，既是一部寓教于乐的科普番，也能让人意识到要爱护自己的身体，毕竟还有37兆2千万个细胞在我们体内呢～
绊王院瑞叶	1539349658	0	0	10	13	超级棒啊！！！完结撒花！！！???(o???o)???
辞夏SAMA-	1539349549	0	0	10	13	今天大家也是精神满满地工作着！冲鸭！！米娜桑！！！！
一声爱你遥不可及	1539349314	0	0	10	10	nice
张家柒狐	1539348878	0	0	10	13	“加油啊，你还有我们呢。”
五星上将BJ	1539348714	0	0	10	13	最后一集除了高燃之外，最后也不忘口音上搞笑了一下
雨诺羽曦c德丽傻	1539348243	0	0	10	13	期待第二季
归逝殇	1539347515	0	0	10	13	暖心日常虐狗番 催婚！
bPsai	1539346748	0	0	10	13	佩服作者的脑洞！
molantang	1539346369	0	0	10	13	我会好好珍惜身体的！！科普向，寓教于乐啊。血小板好可爱啊！！！！
与野海	1539346333	0	0	10	13	非常棒的一部作品！将体内的细胞拟人化，把人们日常可能不够关注的机体运转变成细胞们日复一日的工作呈现给大家，使大家在潜移默化中逐渐了解自己的身体，懂得一些医学常识，更为了自己和体内的细胞们要健康的生活。
粽子Spin	1539344894	0	0	10	13	五星好评，期待第二季
狐猫miao	1539344066	0	0	10	13	虽然最后套路很俗套，但是还是骗取了我大把眼泪~太好看啦~下一季再见~
wenrousk	1539344045	0	0	10	13	真的很OK
山鬼超可耐的	1539343829	0	0	10	13	感谢陪伴，喜欢白哥的小透明默默表个白?(????)ρ
阿沈阿安一颗葡萄树	1539343013	0	0	10	3	一边看一遍复习免疫…
宇智波焘	1539342696	0	0	10	13	不看会后悔系列，完美，期待下一部和下下一部，以及下下下一部……
传说勇者的圣剑圈圈丸	1539339970	0	0	10	3	老夫的少女心。。
灵魅君	1539339596	0	0	10	13	爱惜身体，这个世界上总有些事物在背后默默支持你。
椎名真由理喵	1539338421	0	0	10	13	看完之后都不敢自残了_(:з」∠)_
甜不辣最高监狱狱长	1539334665	0	0	10	8	期待下一部
小小小小瓶	1539331863	0	0	10	13	这番的评分怕是只增不减了qwq
我觉的还OK-	1539330636	0	0	10	13	看过最好看的番剧，以前受点小伤感觉没什么，看过以后前几天被美工刀划到手流血的时候就总感觉是有一堆血小板和红细胞流出来(×_×;)，强烈安利，没看过的一定要看看d(??ω??)
Dragonmushroom	1539327813	0	0	10	13	一句话，这番你不看，亏大了！
领盒饭时间到了	1539325643	0	0	10	12	好看好看，感人温馨又搞笑，值得一看
西再遇见	1539322401	0	0	10	13	太可爱了~科普＋搞笑  还略带热血
蒋治h	1539322157	0	0	10	13	好看呢
慕绾纱	1539322140	0	0	10	13	超好看(??ω??)?
-城北徐公-	1539320676	0	0	10	10	好看！好看！
植太太	1539320447	0	0	10	13	好看，感觉非常轻松有趣！坐等二季！
字母貌若潘安	1539320359	0	0	10	13	剧情好感人 而且一步一步介绍细胞的手法也很值得推荐 在娱乐和感动的同时也能学习到知识 吃到狗粮…b站追的第二部番 很喜欢很喜欢。
渊虹今天修好了吗	1539319977	0	0	10	13	超好看*?(???`?)?*，红细胞和血小板都超可爱，还有我真的太喜欢白哥了哈哈哈哈哈哈哈哈哈哈哈哈哈哈
猫K君	1539319879	0	0	10	13	绝对好番！墙裂推荐，你会来感谢我的。
MISAKA133910	1539319146	0	0	10	12	不给五星良心不安
慵懒的雪狐	1539319007	0	0	10	13	好看
卧室菌	1539314289	0	0	10	13	就是喜欢，无需解释_(:з」∠)_
袭击撩风	1539313926	0	0	8	13	啥时候第二季出了改五星，做个标记r(￣￣)q
浮尘不飘零	1539312074	0	0	8	7	其实有些无聊额，我当时看漫画的时候觉得不要太无聊，人物多画面看得也很累。因为三星会被人说成恶意刷低分，虽然不然我就给三星了。完全是被声优拯救的一部番。
隔壁老王家的橘猫	1539311719	0	0	10	10	喜欢！
啊咧我手滑了	1539311629	0	0	10	13	向体内37兆细胞致敬！
just唯爱one	1539310420	0	0	10	13	好看好看
漫游新生	1539309743	0	0	10	13	果然是一个良心到极点的番啊，七月霸权
苏七少女	1539303357	0	0	10	13	炒鸡好看的一部番剧是我在哔哩哔哩里面追过的第一个番剧
顾柒柒guqi	1539299417	1	0	10	13	涨知识了。
傻露露	1539241118	1	0	10	13	有这么多勤奋工作的细胞们来维持我的存在，突然觉得不孤单了呢。啊呀，看大结局的时候掉了不少眼泪，不知道有多少细胞离开了呢(O_O)。我们一起好好的努力活下去吧～
伪鸭你也算计我	1539240753	1	0	10	13	暖心又有趣，用不一样角度描述了关于人体的一系列生物学知识。我想用这部动画做教材，可能我的生物也不会那么差了吧。。。。。。。（自我安慰）
小白喵的喵	1539240413	1	0	10	12	个人感觉还是很好的 好看还能了解自己身体 还有血小板真萌
衫帕福猹	1539238277	1	0	10	13	明人不说暗话，五星！
无法攻略少女	1539236037	1	0	10	13	我在一个普通的细胞身上看到了生命的努力与不凡
笛之秋	1539235658	1	0	10	13	完结撒血小板喽
洛枫天萧	1539235102	1	0	10	13	好看好看是真的(//?//)
雪碧花	1539235077	1	0	10	12	不错的番！推荐推荐！！bilibili乾杯！
gaowei1995	1539234463	1	0	10	13	很萌又很科普哈哈哈
松风水月雾	1539233901	1	0	10	1	非常喜欢的一部动漫，也是第一部点评的动漫，学生物的很喜欢！很多设定也非常棒，很客观的还原细胞的形象，就是这样一些没有办法言说但是为了我们默默努力永不言弃的小可爱们啊！
毁灭master	1539302268	0	0	10	13	红白细胞赶快滚去结婚啊
TCQH	1539298790	0	0	10	13	很好的番
醉雨潇潇233	1539282478	0	0	10	13	医学狗表示这部作品真的很棒，一些细节对人物的转换处理得非常好（比如单核细胞和巨噬细胞），真的是一部非常用心的作品！这里悄悄表白血小板嘿嘿嘿
最後の	1539279333	0	0	10	13	提高姿势水平
喷毒萌大奶	1539279104	0	0	10	13	积极 健康 很棒的动漫
SheikZelda	1539277470	0	0	8	13	题材很有意思。看每一集都有点期待。
初生林	1539277302	0	0	8	13	后期剧情有点小尴尬
麻花疼是我一生的痛	1539276489	0	0	8	13	本以为日常科普番没什么好看的 ，没想到刷新了我对科普番的理解，真的很不错。
Grace829	1539275714	0	0	10	13	重新看待自己的身体。
only筱筱	1539275236	0	0	10	13	卡哇伊
key咖啡T	1539274593	0	0	10	10	符合预期，还阔以
fancyxxxx	1539273179	0	0	10	13	我会好好爱护自己的身体，感谢你陪伴我。
うまろん	1539272817	0	0	8	13	完结撒花，希望会出第二季
PVZer	1539272760	0	0	10	13	很不错的一部番，身体内的三十七兆两千亿个细胞都在无时无刻地帮助支持我们（癌细胞？？），我们还有什么理由不努力呢？
@の花酱	1539272593	0	0	10	13	超级棒的作品
腼腆的糖糖豆	1539271959	0	0	10	13	好棒啊，这个番。看的我热血沸腾的((?(//?Д/?/)?))
潘淳彬大炮古	1539271916	0	0	10	13	第一部追的番，很好看，高考前不追了。希望高考回来继续看
海人UMITO	1539269851	0	0	10	13	拟人化的细胞们让原本枯燥的人体学变得有趣，看番剧的同时也是在学习，是一部值得推荐的番剧。
走心小卖家a	1539269520	0	0	10	12	五星，不看后悔
御萌ペ樱落	1539269333	0	0	10	13	最大的愿望，就是身体健健康康。
咩咩安好	1539268570	0	0	10	13	真的追到现在好感动，完结撒花。ありがとうO(∩_∩)O
阿珂是珂不是柯	1539268413	0	0	10	13	太喜欢了！又科普又治愈，红白好甜，期待更多细胞日常！！
张天真人	1539268283	0	0	8	13	综合来说是一部很有趣的科普番~
皮皮虾今天要罢工	1539267763	0	0	10	13	要好好爱护自己的身体呀！
猫小咪Max	1539267494	0	0	10	13	超级好看呢！期待下一部！
鬼影丶EX	1539267161	0	0	10	13	当科普番来看还是很好的一部作品
天恋情	1539266677	0	0	10	13	必须的好评五星的
远处一只DL	1539265672	0	0	10	8	炒鸡喜欢啊啊啊啊啊啊
德雷格	1539265497	0	0	10	13	讲真，里面有一些不太对，毕竟我是学生物的嘛，这个动漫搞得我都无法直视我的免疫老师。不过绝大部分还是对的！我现在看免疫的ppt脑海里浮现的都是漫画的主角的样子！超赞的！最后，感谢有你陪伴！
玉皇山矿泉水	1539265262	0	0	10	13	好看
LOL璐主	1539264729	0	0	10	13	看完更想对自己的身体好一些，不想让细胞们在恶劣的环境下工作。 于是我就感冒了..
坐看缘分了断	1539262920	0	0	8	12	寓教于乐
一级退堂鼓演奏家沅静	1539262200	0	0	10	13	完结撒花――！非常棒的作品呢，一本正经的科普也不显得突兀，结合细胞的功能给不同的细胞以不同的设定非常用心了！明明是被超萌的血小板吸引过来的结果却快乐地吃起了白哥和红细胞的狗粮（苦笑）总之！期待续作ww
_0101	1539260920	0	0	10	13	很棒的动画，有教育意义。细胞太可爱了。
林の天	1539260400	0	0	10	13	我爱血小板
渗透之蕾丝	1539259789	0	0	10	13	医学生必看，完结献血
孤寡老苍	1539258353	0	0	10	13	贼好看啊
Amaris灬无心	1539256629	0	0	10	13	很棒的一部作品，希望有下一季
丶~丸	1539256355	0	0	10	13	好看呀
大概是一只榆鱼	1539255812	0	0	10	13	很有脑洞的番，喜欢！！
意风之名	1539255566	0	0	10	13	我爱这部动漫
达康兔子	1539250667	0	0	10	13	虽然她会迷路，但她的心不会迷失方向。
喷水杰尼粉丝后援会	1539245883	0	0	10	13	从很久之前的漫画到现在！满分满分满分！非常优秀的动画了
小点巅233oO	1539244092	0	0	10	13	猴台
每天吸一口	1539243457	0	0	10	13	完结撒花啦~
kane_king	1539242827	0	0	10	12	很棒的科普，万物皆可萌
糖球啊啊啊	1539242325	0	0	10	13	超级奈斯！
poemz	1539232203	0	0	10	13	喜欢可爱的画风，喜欢红白之间的革命友情，希望还有下一季
好睡的妖	1539231795	0	0	10	13	这部番真的超好看！不管是冒失经常迷路的红细胞，沉默实力宠妻的白细胞，笑容满面的巨噬细胞，还是暴力兄贵的T细胞，活力满满的B细胞，腹黑的树状细胞，萌萌哒的血小板等等，都让人很印象深刻，希望能有下一部出来
kona酱丶	1539229144	0	0	10	8	挺好看的，就是这个强制评论我关不掉
好大一颗忘忧糖吖	1539228868	0	0	10	13	谢谢让我遇到白赤那么好吃的cp
给你讲我就叫这个	1539225879	0	0	10	13	点燃了我久违的生物知识( ????? )
TF1241	1539224234	0	0	10	13	非常值得一看番，科普了很多知识，寓教于乐，加油＾０＾~
MrDAISY_WANG	1539223059	0	0	10	13	太好看啦啊啊啊啊啊!!!!!没看够啊啊啊啊啊啊啊!!!!!!
智代的樱花树	1539220462	0	0	10	13	看就完事了
清水不果腹	1539220305	0	0	10	12	看完表示出中文配音可以给自己孩子看看。
菠萝萝白	1539219759	0	0	10	13	温暖又感动。
初懿	1538898409	4	0	10	13	这么好的创意 为什么再不多出几集(? ? ??)
叶樱w	1538476737	9	0	10	13	是来学生物的哦(严肃脸x 讲真生物知识在高中以上 才不是来看血小板和磕红白糖的呢(x 不过 到最后竟然泪目了呢 每一个细胞真的都在好努力好拼命地维护这个身体的稳态呢 所以呀 如果可以的话 请好好活着哦
NC小马	1537094747	1	0	10	13	各位生物学家们，你们生物成绩是否因为这部番而提高了10分呢嘻嘻嘻
木木0108	1539212299	0	0	10	12	我也是一名医学生，从来没追过番，工作细胞是我第一部追的并且追完的番(*^ω^*)
安全的伪像	1539201243	0	0	10	13	快出第二季吧，哇咔咔(??｀*)
雾雾家的蓝白条纹胖次	1539197595	0	0	10	13	寓教于乐，很棒，加油
BL小夜	1539190940	0	0	10	13	这个动漫非常棒！本来就喜欢生物，这个动漫也帮助了不少，总之，感谢陪伴，感谢相遇。
就是咯您来咯虹魔咯莫空间	1539190049	0	0	10	13	超好看(??ω??)?
一瓶98年的老干妈	1539189176	0	0	10	13	科普动漫好评，还有我就想知道这个是怎么了
尼克里	1539189080	0	0	10	13	很好看！
蹦蹦跳跳停不下来	1539188989	0	0	10	13	搞笑又不失理性，科普中又带有趣味。一部十分优秀的番剧
暗夜的精灵使	1539188803	0	0	10	1	不错哦
白濯玉	1539187994	0	0	10	13	完结撒花。舍不得白哥和大家，qwq谢谢你们这么努力，我也会努力保护自己身体的。
大大大小学生	1539186961	0	0	10	13	很有意义的动漫啊
LittleMegan酱	1539186605	0	0	10	13	能把复杂的生物知识转化成动漫形式，优秀！
北辰天罡星	1539186203	0	0	10	11	不错，比那些校园青春恋爱的好多了
刘昊然小李子我选谁	1539186126	0	0	10	13	好看，既搞笑又感人，同时还起到了科普的作用，在讲故事的同时告诉身体知识，非常有趣又好看的番
最强萌王	1539185713	0	0	10	13	很好看，非常有教育意义，希望出第二季
木之香	1539184794	0	0	10	5	我是文科生，但是从小就喜欢看各种科普，尤其喜欢生物。这部番光看每一回的名字就引起了我追的欲望，用有趣的方式让更多人了解生物知识真是很棒呢。生命神秘而神奇，这样的故事，还有很多很多。而你，又想到什么呢？
无敌江	1539184352	0	0	10	13	太精彩了，愉悦感动萌点日常并存的神番，还能学到人体知识哦！
余亲木	1539184288	0	0	10	13	让我知道，劳资并不孤独。。
复活的变态天才少女	1539183443	0	0	10	13	镇站之宝新篇章
C-Ryan-Q	1539182153	0	0	8	12	体彩很新颖
涂山苏苏か	1539180652	0	0	10	13	特别好看的番剧，5星好评
少妇爱少女	1539180265	0	0	10	13	很有意思的科普动画，人物自带萌点，喜欢！突然觉得要好好运动了耶
永恒疾风命运	1539180087	0	0	10	13	《工作细胞》十分好看。用可爱的动画来教授十分有益的知识，也让我们可以更好的了解自己的身体，希望这一类的番可以多出点。
还我那包忧伤的辣条	1539179453	0	0	10	13	好评好评好评
moyuxiao	1539178180	0	0	10	13	日常暖心，很喜欢，也很暖
蘸星点天衣	1539176667	0	0	8	5	可以说是非常的寓教于乐了
C_ying_	1539175651	0	0	10	13	完结撒花~~一开始看这部番，觉得作者的想法很新奇，很有创意呀~~然后慢慢看下去，满满的感动，感动身体里有这么多努力工作的细胞呢！！！炒鸡棒的一部番
轻吟-	1539174797	0	0	8	13	从来没追过日漫的我，人生中第一次追完了一部，真的特别好，又有趣又有科普，希望能有第二部
阿正是个小可怜	1539173673	0	0	8	13	学药的表示很受用了。。。啊啊啊啊啊，癌细胞好帅
步迈太大必扯蛋	1539173250	0	0	10	13	超喜欢这部动漫啊，期待第二部，如果我的外科书也能变得这么可爱我会开心死的，动漫带着知识让我的小妹妹也学到了很多啊，就喜欢这种带有普及知识的动漫了，学习休闲两不误，哈哈哈
CCVG007	1539173201	0	0	10	13	很不错的一部番，赞
空城丿厮守	1539173186	0	0	10	13	原来，我并不孤独呐(*^__^*)
萌hClover	1539172219	0	0	10	13	表白白赤表白全员！感谢大家的陪伴！虽然是文科生但还是超爱这部番啊！！！
小林家的尾巴肉-	1539171232	0	0	8	4	科普番好评
酒Ghost	1539170851	0	0	10	13	超棒的一部动漫，只可惜出的有点晚要是在我初高中的时候就出来生物也不至于那么难学（=?口｀=）
陆蝶和二号	1539170186	0	0	10	13	超好看
一只可怜的蠢非	1539169189	0	0	10	13	白细胞和红细胞好甜啊!我的细胞都能谈恋爱，我为什么还没有女朋友啊!!!o(?^｀)o
远离尘嚣的阿瓦隆	1539167809	0	0	10	13	必须五星不解释
把酒临风问青天	1539167089	0	0	10	13	恭喜完结啊啊啊啊！！
一直在说我么	1539166678	0	0	10	13	233333
Steve-Rogers	1539166567	0	0	10	13	好看，有科普性质
欲彰啊	1539163591	0	0	8	13	不太喜g女主
duangxue	1539163476	0	0	10	2	血小板好可爱，最爱巨噬细胞大姐姐了
拉个狼日中值定理	1539163463	0	0	10	13	emmmm，很强
申十颗	1539163239	0	0	10	12	喜欢死了，涨知识了，以后要好好保护自己
p易折腰的竹子	1539163018	0	0	10	13	好看!!
不思乡的李白	1539161546	0	0	10	13	以科普为**，将观众的盲点秒杀的一干二净。活力，有创意，感动，有泪点。今天也辛苦各位了
寒水沙	1539161330	0	0	10	13	好久没有……看过……这么正经的番惹……
wtt1949	1539160328	0	0	10	13	用充满趣味的方式科普，很喜欢。感谢我的身体今天也努力生活
翩翩与君子	1539159799	0	0	10	12	高举白红大旗！！
言子归	1539159153	0	0	10	13	有科普意义，不错的动画
喃之未茗	1539159131	0	0	10	13	具科普乐趣和治愈一体的好作品。故事节奏也超棒，稳的一批！一点点小缺点不影响我给她满分！感谢你们！工作细胞！我会认真珍惜身体哒！！！
zz腐女钻地消失	1539158039	0	0	10	13	咸鱼的我只会说666
コアラsama	1539156931	0	0	10	11	完结了吗好舍不得啊希望还能有二期！！！！！！！！！！！！！
阿卿是个小透明	1539154868	0	0	10	2	超棒der！
吊巴	1539154741	0	0	10	4	寓教于乐
景隽	1539154632	0	0	10	13	寓教于乐型的，看完真的是想着要好好注意健康啊~
帝释小白	1539153988	0	0	10	13	多谢款待！
海望天	1539152036	0	0	10	13	好看！
被绑架の蘑菇	1539151508	0	0	10	13	好久没有看到这么好看的科普动画了
樱花sndx	1539150643	0	0	10	2	谢谢你们为了我那么勤劳的工作！今天工作也辛苦了！
V岚咩咩	1539149740	0	0	10	13	好久没有看完一整部番了( ? ?ω ??)感觉超级棒，感觉真的很真实，并且很可爱，我想信细胞都有着自己的生活与情感，我想这部番给我带来的不仅是知识与开心，更有自己对身体的珍惜，完结撒花，谢谢陪伴。∠※
过户费功夫	1539148566	0	0	10	13	看过最好看的一部番，白血球的帅气，红细胞的敬业，最后，为什么红细胞和白细胞没有成为一对啊(??ˇ_ˇ??:)（PS:血小板是我的(?>?<?)）
一罪恶王冠一	1539148402	0	0	6	13	女主-1  血小板-1   我只觉得我的红细胞和血小板这样 我大概早挂了 没了
MC结发受长生	1539147947	0	0	10	13	特别好的科普狗粮番，强烈推荐
谈什么梦想	1539147650	0	0	10	13	好暖好有爱！
依凌幽梦	1539147258	0	0	10	2	提高学习生物的兴趣233
叶修修与抖森森	1539146772	0	0	10	13	完美
奔向大海的阳光男孩	1539145658	0	0	10	13	贼棒
Marui-Taki	1539145222	0	0	10	13	超级喜欢了，希望会有第二季 ＼(*TT*)／
血族少女	1539143979	0	0	10	11	感谢工作细胞让我了解了生物必修三（？？？？）
喝着醋的酱油瓶	1539142294	0	0	10	12	好可爱！
名もないの	1539139612	0	0	10	13	好看，科普番中的战斗机
千年的独奏	1539138379	0	0	10	13	白细胞护妻狂魔，我给满分！
丿团长大人丶	1539137155	0	0	10	13	出！第二季！第二季！
偶像剧看多了吧	1539136055	0	0	10	5	非常好的动漫，边吃泡面边看很有感觉。。
吾家先生	1539135894	0	0	6	5	在创新方面算是一部好番，但看到后期感觉过于偏卖萌撑人气，制片人应当在剧情的建构上更加下功夫才行。
某不科学的蕉电磁炮	1539134448	0	0	10	13	血小板萌王预定
四处瞎逛逛	1539134217	0	0	10	13	赞赞赞！
陆离卿	1539133544	0	0	10	13	不敢生病了
淡水章鱼	1539049349	1	0	10	13	我看过最好看的教育番，没有之一
今天有好好学习吗	1539048805	1	0	10	13	超级棒
寂静北原	1539043941	1	0	10	13	很棒的一部番剧。如果能够再多拍几集，故事情节设计再复杂一些，跌宕起伏一些就好了。是一部难得的科普类漫改。
被狗日过的夏天	1538992067	2	0	10	13	看完啦，希望大家都要好好活着，认真活着，努力活着。毕竟细胞都如此努力！最后祝愿大家都能找到可以陪着一起进步一起共渡难关的另一半(?>ω<*?)
兮浮梦	1538887424	3	0	10	13	泪目
阵雨方程式	1538356830	9	0	10	13	番很不错，毋庸置疑。印象也很深刻，不过，就是太深刻了，以至于每次生物课都能想到白细胞，红细胞，血小板，巨噬细胞。。。。心情复杂。。。(不过很开心)
阔乐血碧	1534038899	0	0	10	10	好看好看！！！！！！！
纯牛奶sss	1532250929	0	0	10	13	坐等第二季
一切等于零	1531765858	2	0	10	13	期待第二季
Kylin莫殇	1531283540	0	0	10	13	谢谢细胞们那么努力的维护着我们的身体！！！
紫月幻羽	1539129217	0	0	10	13	好看~
果夏momo	1539127152	0	0	10	13	真的是超级棒！告诉白血球，我爱他！
濑绘Gord	1539113748	0	0	10	13	天天熬夜的我表示对不起你们啊，迷路红、白哥哥、可爱的血小板，T军团、美丽的巨噬、绿帽哥、发明家b，肥大黑丝小姐姐、行者艾伦、气候学家、还有我喜欢的闰土少女。每一次熬夜都不知牺牲多少，我能说的只有对不起
凉凉凉的蜂蜜	1539112316	0	0	10	12	好看不错
Ying_YH	1539106698	0	0	10	13	挺好看的～
薯片薯片牛奶	1539105138	0	0	10	13	我当年要是有这个番我生物能考一百！！！十二集本来觉得女主太不靠谱好感度下降了，十三集又升起来了！！每天都有这么多细胞努力工作为了让你活下去，所以大家要开开心心的好好生活下去啊！！希望大家幸福(つд?)
一封纸书叠三年梦	1539103032	0	0	10	13	我觉得真的是给我们大概科普了很多东西。学会了很多一些知识。
kiss星233	1539102637	0	0	10	13	超级好看的一部番???!(??????)?
流浪花心人	1539102533	0	0	10	13	很好看，我是被安利的，看起来就停不下来了，通过拟人化的手法，表现出细胞在人体中的各个功能，每个细胞都有其鲜明的特性，各自的职责。容易让人理解，是个很新颖的动漫题材。
蛇忻巫拥拿ㄅ	1539102456	0	0	10	13	真的是七月良心番啊，让人更清楚的认知自己的身体。血小板也超级可爱～
有妖气huahua	1539102432	0	0	10	12	看完了感觉好治愈，要好好爱惜身体不让我的细胞们太辛苦.然后就是完结撒花啦！
织田信武	1539102045	0	0	8	13	这部动漫让我更清楚知道自己的身体
高贵冷艳的喵星人	1539100712	0	0	8	13	科普非常有趣，但剧情一般般吧！
长明前辈	1539100437	0	0	10	13	我......恐怕我无论如何也治不好我抑郁的一面，一点消极的渲染总会使我整宿整宿睡不着觉。我的细胞们大概也会因我大起大落的情绪而不太高兴吧，我实在不知道是我生错了地方还是我已丧失了做人的资格.....
木木芳华	1539100186	0	0	10	13	非常好看，每个细胞都很好，最后感谢我身体里勤勤恳恳工作的细胞们！！
漓墨丿	1539099655	0	0	10	13	这是一个很不错的番剧，里面的内容设置的都不错。
甜甜阿圈OvO	1539099555	0	0	10	12	非常非常治愈的一部动漫！
剥皮的健将	1539099318	0	0	10	13	五星好评，给题材和创意。（顺便今天去献血，谷丙转氨酶指标生理性超标，很难受）
安清酒cy	1539099068	0	0	10	13	最后也太感动辽罢呜呜呜，不管身体外面临多大的困难挫折，在身体里还是有一群细胞永远支持不放弃你，想到这里，好温暖啊呜呜呜
铁骨铮铮远坂凛	1539098745	0	0	10	13	好看不解释
残念DEATH	1539098226	0	0	10	13	完美的设定，完美的故事，完美的结局，完美的狗粮
LuckyJayce	1539097974	0	0	10	13	画风暖心，还自带科普，好番，不多说。
叽叽叽叽啾啾啾啾	1539097924	0	0	10	13	你的身体有着无数个细胞为你工作着，请好好照顾自己！
幻羽-公爵	1539097693	0	0	10	13	好好爱自己，毕竟还有这么多细胞这么努力工作为你而活。
朝阳本命	1539097426	0	0	10	13	虽然经费捉急画面时常崩坏，但还是将“寓教于乐”诠释得非常好的作品，白红真的很甜！
sukee233	1539097380	0	0	10	13	满分
呛呛2333	1539097302	0	0	10	13	虽然你们在谈恋爱(?°з°)-，但我还是                                 愉快的吃完了狗粮
toyosang	1539096726	0	0	8	13	题材新颖，医学知识还能这么玩，后面就感觉无聊了点，血小板萌的过分了，后面戏份再多点就好了。
breadtreehehe	1539096382	0	0	10	13	科普向暖心番，看了想去献血~
低调茉糖	1539096273	0	0	10	13	看的很开心
惊吓熊猫人	1539095598	0	0	8	13	真的不错，值得一看
来自火星的朱朱朱	1539095205	0	0	10	13	努力工作的细胞们 辛苦啦 感谢陪伴 最后我泪目了55555....
光速ai	1539094156	0	0	10	13	赛高
家里蹲的ガヴリ	1539094110	0	0	10	13	好看，不解释
未遗忘什么	1539094078	0	0	10	12	嗯，很棒
云禹州	1539093886	0	0	10	13	完结撒花！血小板赛高！表白树突和巨噬细胞！
dean时雨	1539092654	0	0	10	13	追完啦，起初确实是因为血小板看的，太可爱啦。但是看以后发现每个细胞都好可爱，各司其职，感谢生命的伟大。
浮灯游	1539091333	0	0	10	13	工作细胞赛高
海南胖老鼠	1539090784	0	0	10	13	很好的一部动漫很期待续集
小兄贵啊	1539089536	0	0	10	13	题材不错
未成年的油条	1539088606	0	0	10	13	好看
请叫我蛋总	1539088285	0	0	10	13	很棒啊
我想中奖啊qwq	1539087180	0	0	10	13	他们啥时候结婚啊。
mahandy	1539084861	0	0	10	13	为了三十七兆两千x3(父，母，自己)个永远支持的细胞，雄起啊！
小小小洱	1539084582	0	0	10	13	好可爱的一部番，在我们身体里也有个大世界呢，科普与趣味并存啦
暗影议会狗蛋	1539083686	0	0	10	13	太棒了，又萌，又科普
乱0世0小0熊	1539082852	0	0	10	13	好看的一匹，满分不解释，点赞
可爱曼孚茶	1539082627	0	0	10	13	啊哈哈学到了好多知识呢，以及，在我身体里的工作细胞们你们辛苦了！感谢你们！
QQCFA	1539081970	0	0	10	13	寓教于乐，是不可多得的好番⊙⊙
朕要吃辣	1539080965	0	0	10	13	会不会有第二季呀
羁绊の声	1539080892	0	0	10	13	血小板好萌啊！！！萌我一脸！
xd殇	1539080542	0	0	10	13	很好看的动漫，又有科普知识，非常良心
哎嗨OVO	1539079696	0	0	10	13	涨姿势，高水平制作。欢乐，感动。五星好番~
啦啦啦啦啦哈哈哇	1539079490	0	0	10	13	某天看到舍友在看，昨天有点无聊找来看一下，发现好好看。超级爱白细胞跟红细胞。
明明是我的名字	1539079078	0	0	10	13	很棒哦，期待后续。
冥想_喵喵患者	1539078931	0	0	10	13	太好看了！！粉上树突细胞和白血球了！！这个番还提高了我的生物知识！
谧密祢	1539076247	0	0	10	13	十分奈斯
圣☆星痕	1539075686	0	0	10	12	完美
拟好嘛	1539075356	0	0	10	13	期待第二季吧，这种老少皆宜的动漫是真的看一部少一部
mulmul莫	1539073363	0	0	10	13	很棒的科普番
为何这么饿	1539071262	0	0	10	13	霸权，不解释
隔壁的小屁孩儿	1539071106	0	0	10	11	不错，血小板卡哇伊
如果语言相通就好了	1539071018	0	0	10	8	看不到血小板了！
jw四世	1539069953	0	0	10	13	向我身体里的每一个细胞表示衷心的感谢！
saborr	1539069436	0	0	10	6	科普向，不错
沧蓝君	1539068687	0	0	10	13	七月番唯一每周守着更新的就是你了，完结了真的超不舍…看完后真的有一种生命不易 好好活着的感慨，然后血小板真的敲可爱啊！想捏脸脸！最后！请不要在我身体里谈恋爱！
软软的果达	1539068152	0	0	10	13	5星。。。。。。。
妖童媛女媛	1539065795	0	0	10	13	可爱(?? . ??)，元气满满
江河济世风吹远	1539065518	0	0	10	13	好！真好！
叶舟w	1539064106	0	0	10	13	是真的很好看。
Konkeykia	1539063835	0	0	10	13	好看
烽一般的骚年	1539063760	0	0	10	10	很日常
Bai_Xia	1539063101	0	0	10	13	简单点:好看，学到了！
卫离墨	1539062545	0	0	10	13	这是我追过的最有意义的番，在生活中我们也许会迷路，但心永远不会迷失方向，高三了，最后一年，我会细胞们一样不放弃，哪怕希望渺茫，干巴爹！
酒心泡沫	1539062163	0	0	10	13	不会写评论，我只能简单的说一句很高兴能遇见你――工作细胞
龙妖帝	1539061981	0	0	10	13	良心制作 长知识了
我可以的我可以的	1539061461	0	0	10	12	看完番的我都会想着锻炼好身体哈哈哈哈，体内的细胞都这么努力的工作，那我也要好好的活下去啦
老子又回来啦	1539061215	0	0	10	12	近几年难得让人抱有尊敬之心的番，很好
静默ing	1539060918	0	0	10	13	感谢这部神奇的科普番
-Frisk-	1539060110	0	0	10	13	真的是很优秀的动漫啊～
改介火	1539059526	0	0	10	12	吃爆白赤！杀手T真是个神奇的存在哈哈哈哈哈(?ω?)
陈沽骨	1539059250	0	0	10	13	好看
Ahhhhff	1539058985	0	0	10	13	超好看，学到知识有懂得道理，很暖的一部番
虚伪的血小板	1539058913	0	0	10	13	创意人体
予宇一点都不拗口	1539057261	0	0	10	13	很棒的番，很甜也很热血鸭233向体内一直工作的细胞致敬！细胞还在努力，我们也不能放弃呀！
dfhgbnmdf	1539057096	0	0	10	13	完结撒花，感谢陪伴
这里萝莉控一枚	1539055614	0	0	10	13	B站弹幕还是那么感人
瑞萌萌家小萌	1539052743	0	0	10	12	太短了，啊啊啊啊啊啊啊啊啊啊阿啊啊
可不可以给我胖次	1539052578	0	0	10	13	好看
吾等乃大宇宙意志	1539051505	0	0	10	13	看着挺不错的，后两集看着挺感动
毅泽至诚心	1539050229	0	0	10	13	我的内心永远爱着血小板
X-瞳影	1539040807	1	0	10	7	我永远喜欢工作细胞。
纷乱不休	1539023048	1	0	10	13	感觉看了以后让我懂得了不少知识但是-.-我的细胞在我这秀恩爱真的好么
百思不得萝莉妹	1539022971	1	0	10	13	科普知识。。。。
猫玖子子	1539020697	1	0	10	13	喜欢喜欢
CVICTORIALXY	1539019516	1	0	10	13	完结撒花，这部番真是好看，现在播放量都有1.3亿了。而且这还是我追的第一部新番呢。
草仙子在上	1539019094	1	0	10	13	或许她经常迷路，但她的心从不迷失方向
rattit0	1538889113	0	0	8	13	寓教于乐，还不错
何如天性凉薄	1532250758	0	0	10	13	全部看完啦
丶菲布理	1539019086	0	0	10	13	为了自己，好好地活下去！
重生的触手	1539018720	0	0	10	13	好啊
肖嵩庶要多吃肉	1539018196	0	0	10	13	向所有细胞致以最高的敬意！
瞬踢秒神	1539018173	0	0	10	13	这也太好看了吧…
羽观兰浅笑如醉酒	1539016486	0	0	10	13	这是我看过的最励志的动漫了d(???)?~
龟神V	1539016166	0	0	10	13	超棒的动漫，学习了很多知识对身体的细胞也了解了很多！是今年最喜欢的动漫啦！爱血小板 爱白细胞
v绯色之空v	1539015893	0	0	10	13	向我身体里的全体细胞致敬，辛苦了！       血小板真可爱c(爱??‘爱)ノ
崩吧达拉	1539015872	0	0	10	13	人活着就是为了血小板！贫穷使我今天与你们相遇，香菜赛高！
中单或者躺	1539015583	0	0	10	13	超级棒!  又笑有感动也有糖!    还可以更好的了解我们自身   身体内的细胞都这么努力  我怎么可以懒惰!
闪绿电箭侠	1539015231	0	0	10	13	非常好看，希望能出第二季
鹫尾须美是勇者	1539015155	0	0	10	13	非常好的一部动漫，里面的血小板特别可爱我很喜欢，真心希望出第二季。
天起P舞x情	1539013658	0	0	10	12	新的视角，完美的科普，有趣的故事设定。
苏夏GY	1539013272	0	0	10	13	超级棒，啊啊啊啊啊啊啊啊，稀饭稀饭
龙兰静	1539013106	0	0	10	13	良心作品，值得一看
无极易no.1	1539012992	0	0	10	13	非常好看，科普也很到位，是一部很优秀的番
为什么我改不了昵称啊	1539012554	0	0	10	13	追到完结，在此留念
玄青狼龙	1539012359	0	0	10	13	好番，看就完事。
妹妹饿了马	1539012275	0	0	10	13	这部番告诉我我还是单身可我的细胞在谈对象而且怎么都拆不开。真好。
终将是自己	1539012182	0	0	10	13	嘛，看完突然觉得身体里这些细胞好有趣，都不敢让自己受伤了(?B`B?)
暝仪曦	1539012099	0	0	10	13	非常不错o(RvQ)o
这是一个正经的智障尧	1539011467	0	0	10	13	今天也要努力！
风与飞舞	1539011343	0	0	10	13	用动漫的方式科普细胞们怎样在我们身体里工作真的很棒，比拿着生物书上课好多了
神神叨叨の染柒	1539010564	0	0	10	13	爱自己…  才是更好的爱你
酒气谢蓬门	1539010353	0	0	10	13	很好看，教会了我很多，希望能出第二季d(`?ω??)b赞
黑色的筷子	1539010168	0	0	10	13	我觉得还行
仔细端详	1539009663	0	0	10	13	从没看过这么好看的动漫 加油！希望能做更多像工作细胞这样好的动漫
顾於尘	1539009581	0	0	10	13	超棒的一部番，边看边学而且趣味性强，越看越想看下去，但是也会使自己记住很多的知识
万方发展	1539008596	0	0	10	13	爱惜自己
一条想要一抹多的阿作	1539007546	0	0	10	13	有嘎达带哟！
墨染寒圭	1539006794	0	0	10	13	最喜欢中性粒细胞U-1146，白哥超级帅！
邪恶的NewLine	1539006430	0	0	10	13	无可挑剔
一起收不锈钢盆吗	1539005396	0	0	10	13	从排行榜上看到第一（工作细胞）独特的名字吸引了我。看番长知识何乐而不为呢，配上完美的剧情看到细胞们这么努力的工作我也不能懈怠了人生，继续多吃饭多睡觉少上网的坏习惯吧。
戏喜西席	1539004353	0	0	10	13	非常喜欢了
SpetKnight	1539004312	0	0	10	13	温暖的一部番，放心吧，身体里的诸位，我会更加爱惜自己的！
随便吧12354	1539004010	0	0	10	13	很好看的一部动漫，很有教育意义，让我们了解自己的细胞工作
江汇海洋	1539002130	0	0	10	13	好看，又可以学知识
酒笙清栀_soo	1539001273	0	0	10	13	完结啦，完结啦，看完之后，受教颇多，开心
w1s2x3	1539001236	0	0	10	13	没话说，真好看！最后一集泪目！！！
拥有少女心的蓝孩子	1539000553	0	0	10	13	完结撒花，寓教于乐的一部良心番，五星好评
暗影光法零碎	1538999676	0	0	10	13	如果我初中就能看到这部番该多好(?_?)
Helen-Eoom	1538999572	0	0	10	13	好看~血小板可爱~
永远爱你们的刘导大大	1538999434	0	0	10	13	这种动漫给我来一沓
见崎鸣ミク	1538999433	0	0	10	13	感谢科普
Kirkirkirkir猫	1538999240	0	0	10	13	好喜欢这番啊
玫瑰麦格	1538999192	0	0	10	13	看哭了，非常有教育意义的一部番，如果我将来有孩子的话，我会给孩子看这部番
小欣吖_	1538999160	0	0	10	13	血小板真的是太可爱了*?(???`?)?*
糖果店的人	1538998829	0	0	10	13	很好看
您可真秀	1538998099	0	0	10	13	我tm吹爆好吧
王午全	1538997908	0	0	10	13	真好看
我是依然爱你	1538997161	0	0	10	12	我的细胞谈恋爱都这么费劲何况我呢
疯嘤侠手中的-疯嘤剑	1538997012	0	0	10	1	好好
烟花云汐	1538996814	0	0	10	13	棒棒哒~
路边的小野猫icarus	1538995987	0	0	10	13	牛逼！血小板我的
是信长不是信长	1538995575	0	0	10	13	完结撒花
瞎几把权限	1538990800	0	0	10	13	好
小酱Isabellemiu	1538990524	0	0	10	12	一个从来没有认真听过生物课的小表示这番超棒啊啊啊啊啊
我闪就是中二少年	1538989858	0	0	10	7	今天也要像血小板一样元气满满哦～
楠神妖颜	1538989184	0	0	10	13	(?>ω<*?)
独秀隐遥芳	1538988518	0	0	10	13	超级喜欢血小板
你给我说清楚啦啦啦	1538987015	0	0	10	13	真的很好看的动漫，途中一度泪崩~~(>_<)~~
射手座のAioros	1538986036	0	0	10	12	身体里的细胞真不容易
英姿飒飒	1538984646	0	0	10	13	要好好爱惜自己的身体
樱の三日月宗近	1538983817	0	0	10	13	完结撒花
十六空玄	1538983667	0	0	10	13	很感动啊(???ω???)米娜为了身体里的细胞们也要好好活着，还有37兆亿为了让你好好活下去的细胞呢
晓梦羽	1538983346	0	0	10	12	五星还需要理由吗
妖孽忧	1538983337	0	0	10	13	挺好看的(??ω??)?有点科普番的即视感?^v^?
HP_1	1538983295	0	0	10	13	太棒了，我的血小板
Asukaw鸟	1538983108	0	0	10	13	哟西
蓝二哒哒的兔叽	1538982296	0	0	10	13	很生动形象的一部动画  缓解了本应有的枯燥  让人有了看下去的欲望
猪猪有猪尾巴	1538981766	0	0	10	12	看完了，没什么好说的满分满分
赵草莓的心理医生	1538980281	0	0	10	13	挺好的 科普文  血小板UP UP
坂田楠雄	1538979854	0	0	10	13	具有科普意x，在^看赢r也能@得小知R，是不e的赢!
正版四季	1538979184	0	0	10	13	血小板好可爱啊啊啊啊啊啊
Heartless夜千城	1538977869	0	0	10	13	真的不错啊，这种片才适合给小孩子看，希望能出更多这样有教育意义的知识片。
秦兮墨雨	1538977379	0	0	10	13	第一次这么喜欢动漫的男女主角，白哥这种强大与温柔并重的感觉真的超棒！前几集对红细胞的感觉淡淡的，最后一集彻底爱上这个有点迷糊但温柔礼貌的小天使，还有血小板，嗜酸性粒细胞，为了他们也会好好照顾自己的！
Alisaswift	1538976960	0	0	10	13	以后要爱护身体，本单身狗允许你们在我身体里谈恋爱，搞基，百合。就酱~喵~
是罗马音么	1538976469	0	0	10	13	感谢陪伴
Rabbity22	1538976457	0	0	10	13	感谢身体里的每一个细胞  完结撒花 感谢陪伴
哔啵哔哟	1538976348	0	0	10	13	有这么多细胞的陪伴真的很幸福呢！希望大家每天都可以幸福快乐啊！不能辜负了细胞们的努力付出！！！刚把带哟！！
长颈鹿嘤	1538976082	0	0	8	13	还行？主要看创意，把身体各个部分要怎么把他画生动有趣，这个感觉超级赞！反而那些煽情热血的看多了有点腻。
姜姜姜姜姜九凉	1538976051	0	0	10	13	啊啊啊啊啊这个是我追的最完整的一个番。完结撒花！！！
二零一啵遇见你	1538975950	0	0	10	13	一部很好看的具有科普性质但又不缺乏无趣的动漫
joyce850724	1538975896	0	0	10	13	多向治愈啊，画风、声音、心灵，无与伦比！本季度最治愈的番……
Elysian_Fields	1538975886	0	0	10	13	很好看哦，在站追的第一部番。
小门人	1538975589	0	0	10	13	最后两集都在哭……感觉这个动漫真的好感动啊。要好好爱惜自己的身体呀，最开始觉得血小板超可爱，后来觉得所有的细胞都好棒。很优秀的一部剧了。希望阿珍和阿强永远在一起哦~
账号加密码	1538974906	0	0	10	13	嗯，播放量说明一切。
玢谪计囚	1538974408	0	0	10	13	完结撒花
剪刀手哦耶	1538974321	0	0	10	13	好评
许以爱	1538974245	0	0	8	12	题材很新颖
花帝丶风之清	1538973411	0	0	10	13	真的很不错～推荐大家也去看看～
克苏鲁2号	1538973197	0	0	10	13	坐等第二季
曼小图	1538972124	0	0	10	13	真好
独孤之恋	1538971537	0	0	10	13	今天也要继续
星空温暖	1538970845	0	0	10	13	?(?????????)?
妹控就是任性	1538970399	0	0	10	13	细胞都那么拼命了，我们还有什么理由不努力～
小琳琳啦啦啦	1538970136	0	0	10	13	以很搞笑的方式讲述了很多知识，喜欢血小板的萌，白细胞的直，红细胞的蠢，嘻嘻，很好看的一部番剧，期待有后续
莫遇倾城	1538967458	0	0	10	13	超超超超超超超棒！！
又是一年努力时	1538965119	0	0	10	13	居然看哭了，哈哈哈，也学到很多知识，感谢我身体里的所有辛苦工作的细胞们。
哈不客气	1538964964	0	0	10	13	超级无敌的可爱！还有很普及知识
__温故	1538964461	0	0	10	13	真的太好看了吧
郗明明	1538964211	0	0	10	13	好看！牛批！
从零开始leslie	1538964063	0	0	10	5	血小板实在是太可爱了
一个帅男的传奇故事	1538963022	0	0	6	1	科普番还行，已经不适合我这种人看了.....
苏小陌的墨晓酥	1538957319	0	0	10	13	看完忘了投币，满星，必须满星，居然被体内细胞感动到了。
Vaniacss	1538887296	1	0	10	13	这部番不仅仅是暑假的生物补习课，还是我们上的一节深刻的人生理论课，面对生活要保持乐观态度，面对挫折要心平气和，冷静分析保持本心。这个假期，感谢有你！
Aiko丶雪茗	1538883668	1	0	10	13	有趣又富含教育意义的科普番，非常喜欢！细胞们每天都在辛勤工作着，真的辛苦啦！所以我们要更加好好爱惜自己的身体呢！希望很快会有第二季，期待！
ForPeaceAndLove	1538883408	1	0	10	13	有几集看起来很是尴尬，但是到了最后两级失血性休克就很强了
南念笙	1538881731	1	0	10	13	感觉看完这部番以后，莫名有了更自爱的感觉。想想自己受伤会让这些可爱的细胞们受到伤害，真是一种罪孽。多保护自己。不舍完结。
手心の温り	1531014739	0	0	10	13	巨好看，看爆
永远亭の铃仙因幡	1538954485	0	0	10	13	当你想要放弃的时候，请记住，你身体里的数亿细胞还在孜孜不倦地奋斗
DontSay_	1538954461	0	0	10	13	身体里住了那么多小可爱每天都在辛勤地工作真的好辛苦呀~最开心的是有着考哥声线的辅助T细胞啊啊啊啊~工作细胞们继续加油鸭！
13580563447	1538953612	0	0	10	13	强强强
夜月微熏	1538948920	0	0	10	12	期待下一季
Sillydizzylizzy	1538939692	0	0	10	4	治愈啊～虽然剧情简单但是经常会戳中萌点，末尾的东北话红细胞真是笑哭了2333333
偷电狂魔海风酱	1538936887	0	0	10	13	这部番让我感觉到了我不是一个人在战斗，与此同时有数兆个细胞在与我共同奋斗，为了他们也一定要爱护自己的身体，早睡早起吃好喝好！～(?3[]
萌萌的源少	1538936832	0	0	10	13	很好看呀，感觉自己身体是个宝藏
深Y之下	1538936505	0	0	10	13	科普爱情战斗一应俱全∠( ? 」∠)_优秀。。。。。。。。。。以后禁止在我身体里谈恋爱，这是因为会影响氧气运输和免疫系统的效率，绝不是因为羡慕嫉妒恨(???)
Tezuka的眼镜儿	1538935594	0	0	10	13	棒呀～
李斯文特	1538934505	0	0	10	12	怎么说呢，寓教于乐。从番剧中学习到了很多有用的知识，拓宽了知识面，也看到了体内细胞的努力。原来我的身体被爱与热情的细胞们保护着，想想真是很有安全感，谢谢你们，陪伴了我22年的细胞们，未来，请多关照
永hの樱	1538934455	0	0	10	13	活下去
FROSTlcy	1538933698	0	0	10	13	科普而不失趣味
JS05AMR-KelvinC	1538933267	0	0	10	13	十分好看！寓教于乐又不枯燥，还叫你人生哲理(大雾)。感谢我身体里所有在为我辛苦劳作的的细胞们，对你们致以最最崇高的敬意！(咳癌细胞你发声就好了我爱石头……)
我家不二	1538933077	0	0	10	13	哇真是补习生物课啊学了工科四年之后已经完全忘记高中生物了…这部动漫很生动地把人体生理上的运作讲清楚，感觉就算是小孩子也能完全看懂呢
方思明呀	1538932907	0	0	10	13	期待下一季！！
焕子z	1538932878	0	0	10	13	非常的好看哦，超级喜欢白血球啦哈哈哈哈哈哈
冷瞳丿菌	1538931846	0	0	10	13	真实
樱月晴夜	1538930677	0	0	10	13	超级好看，不过要感谢身体的细胞
锦瑟云烟	1538929982	0	0	10	13	我会说从小我就幻想体内的细胞们是不是也有生命的吗，这部动漫满足了我童年的好奇心！ (*°°)?
dishihao	1538928990	0	0	8	13	挺不错的
君桑-	1538928343	0	0	10	13	感谢陪伴，明白了即使是一滴血也是我生命中宝贵的一份子，细胞们为了这具身体无时无刻不在努力，感谢。
颜七	1538928018	0	0	10	13	好看
爱迷路的蜗牛	1538927889	0	0	10	13	不仅有科普而且还这么好看，感谢身体内一直努力工作的细胞们。
OrangeMiracle灬	1538927442	0	0	10	13	非常好看
底特律_刚田武	1538927378	0	0	10	13	最近追完的一部番 感觉很新颖 人物刻画也很可爱 不知道会不会有下一部 寓教于乐的形式也让我有了许多收货 满分好评
丝朵莉娜	1538927236	0	0	10	13	c(°°)ノ完结撒花！真的舍不得，上一部这么舍不得的是月刊吧，希望有第二季，很喜欢这种轻松积极向上氛围的动漫
爱吃豆沙包的学妹	1538927161	0	0	10	5	血小板超级可爱啊√我的天呐！妈妈爱你们（*/?＼*）
言喻之	1538927032	0	0	10	13	最开始当做科普番来看的，唤醒了久违的初高中时期的生物课的记忆，最终决定来评价是因为最后一集――“尽你该尽之责，哪怕其卑微”。
倒霉的熊孩子2233	1538926570	0	0	10	13	工作从来都不简单，我们要无时无刻的保持耐心和热情。
香蕉大薯片	1538926516	0	0	10	13	喜欢！应该是最近最喜欢的一部了。
精分小甜心	1538926516	0	0	10	11	永远爱工作细胞(???ts???)
觥惊长夜	1538926423	0	0	10	13	善始善终
V深法萨的	1538926271	0	0	10	13	老子好喜欢好喜欢好喜欢好喜欢好喜欢啊！
小小小小启	1538926159	0	0	10	13	绝赞，推荐
休斯蒂斯	1538926058	0	0	10	13	有意思，神作
萌新咸鱼翻身当宝剑	1538925989	0	0	10	13	莫名心疼自己的细胞，我把自己养成200多斤的肥宅~
幼溪酱	1538925760	0	0	10	13	超级棒棒棒！血小板真的超可爱的
静候・轮回	1538925510	0	0	10	13	羽毛球过来这边简直清流
F之渔	1538925482	0	0	8	13	整体来说是一部带有科普意味的很有趣的番，拿我不专业的眼光来看，科普还是比较成功的。人物都好可爱，看完之后就想好好锻炼身体，不辜负细胞们
假装纯洁	1538925395	0	0	10	13	每天都有那么多细胞为了你努力的工作，还有什么理由不热爱生活呢！！！
BaddestRogue	1538925219	0	0	8	13	追完了。。
爆炎加热炉	1538925103	0	0	10	13	(?`??)
H不o心	1538924756	0	0	10	13	满分不过分的，寓教于乐，挺好的
瞎王针眼	1538924599	0	0	10	13	很棒。
井上千寒	1538924520	0	0	10	13	支持！
一抹阳光亮瞎你	1538924404	0	0	10	13	这部番不仅适合我们看，也适合孩子们看，让他们知道自己受伤了，身体里的细胞会怎么样，也有很好的教育意义
法兰克福折耳猫	1538924372	0	0	10	13	将细胞拟人化这题材相当新颖，让我了解了更多细胞的故事，寓教于乐十分有趣
妖怪Bow	1538924263	0	0	10	13	很喜欢这样的拟人化科普动漫，真的舍不得完结，希望早日看到续作及更多相关~筑免疫长城，坚守岗位全心全意；保代谢平衡，齐心协力健康第一！
暗香隐士	1538924066	0	0	10	13	我很少一集一集的追，但是这个真的是让我看完一集在期待下一集的动漫，我还把他推荐给了我的朋友，还有邻居，幼教，老师，家长，就想让他们了解或让他们的孩子了解趣味科普，也希望赶紧出续。完结撒花，期待他季。
我家烦烦	1538924043	0	0	10	13	特别棒，科普性与恋爱番的融合，血液循环甜度满分！最喜欢B细胞小哥哥，莫名亲切hhh白哥也很喜欢，红细胞一开始没get到，但后来越来越喜欢啦，血小板可爱依旧。真是很棒的一部番，完完整整追下来的文科生表示
噫嘘嘻	1538922605	0	0	10	13	大家都要爱惜自己的身体呀，细胞们都在努力的工作呢！
劣质的温柔	1538922267	0	0	10	13	超好看科普了很多知识。
BYM柏JilinBus	1538922140	0	0	10	13	非常优秀的科普番，希望能有第二季
陕西吃饭大学	1538921760	0	0	10	13	用拟人的手法生动形象的刻画出了人的身体内部的细胞情况，题材新颖，一发入魂。
一夜柳	1538921453	0	0	10	13	这种既有科普性又有趣味性的动画真的很好，看到体内的细胞这么努力的工作着，我们又有什么理由不去高兴的过好每一天呢
越前sama	1538921345	0	0	10	3	很有意思很好看
樱花味泡面	1538921126	0	0	10	12	要自豪，健康第一！
大神vl	1538921035	0	0	8	13	（ΘvΘ）
诗乃隔壁王叔叔	1538920971	0	0	8	12	很赞的番！
解静雯	1538920504	0	0	10	13	今天细胞们也在努力工作呢
龙猫啊你个柯基	1538920445	0	0	10	13	啊完结了，每次到完结心里空唠唠的_(:з」∠)_
嘉嘉sjx	1538920362	0	0	10	13	好番 好番
你驼哥哥	1538920345	0	0	10	12	很棒！！！！
赖蛋	1538920131	0	0	10	13	血小坂好萌
高天奕	1538920050	0	0	10	13	喜欢！！！
PR	1538919888	0	0	10	13	好看
最帅的那颗果	1538919688	0	0	10	13	真的很好看啊！！
一口白茶茶	1538919555	0	0	10	13	一部不可多得的好番(??ω?`)
	1538919439	0	0	10	11	完结撒花！虽然还没来得及补完orzzz
希望我变成欧洲人	1538919223	0	0	10	13	不论年龄不论是否爱动漫，这部番都该看，好好看！
BonnetSherl	1538919033	0	0	8	13	生物狗一本满足
平凡的西范	1538919030	0	0	10	12	一部非常不错的番，有笑点，有泪点，有燃点，有萌点，还有十分干货的科普，7月，感谢有你的陪伴！
9981x	1538918945	0	0	8	13	可以
似水岚冰	1538918885	0	0	10	13	非常棒的动漫！让我对自己身体里面的细胞有了更好的了解！
key君是个好男人	1538918622	0	0	10	13	完结撒花，非常有教育意义的一部番，让我知道了珍惜自己的身体
黎明时刻的星空	1538918194	0	0	10	13	感谢你的陪伴！
花样作死熊	1538917845	0	0	10	13	我和我的珍珍宝宝都喜欢这部番，嘿嘿
-秋分-	1538917790	0	0	10	13	真暖啊～
让我下车	1538917302	0	0	10	13	科普类番，节奏不脱，设计很有趣，完美!!!
君汐儿	1538917234	0	0	8	12	很有教育意义呀～
我的妹妹是网红	1538916748	0	0	10	13	为了细胞们 也要照顾好自己啊
C荷青柏	1538916739	0	0	10	13	超棒~好想看第二部啊~(?>ω<*?)
川川殿下	1538916560	0	0	10	12	不错的番
铃铛安	1538916380	0	0	10	13	可爱，喜欢(((*°°*)八(*°°*)))
青柠潺潺	1538916126	0	0	10	10	特别喜欢。免疫细胞君，辛苦你们了。???(??ω??)?
xyz20160821	1538915893	0	0	10		很不错的科普动漫，要是出血量少点的话都可以直接给小孩子看了
warlord1989	1538915242	0	0	10	13	科普佳作，强烈推荐！
I_Smile_	1538914737	0	0	10	13	我来说一下，这是一部很好的番，即使是小、初、高、大都可以很好的掌握这一部番，对于这里来说，重新认识了自己，对于其他不注重身体的可以看《工作细胞Black》工作细胞，感谢陪伴。
花式入坑爱好者	1538914730	0	0	6	13	追完
Lucky黑白瞳	1538914333	0	0	10	13	我还要再刷一遍血小板！！！！
大王是我1	1538913738	0	0	10	13	每天都是元气满满的一天呢！
岁岁岁岁	1538913517	0	0	10	13	"完结撒花,看过的最好看的一部番。期待下一部。"
夜d星辰	1538913510	0	0	10	13	吹爆
さくらもい	1538913484	0	0	10	13	这部动漫可以说是寓教于乐，把死板的医学知识绘画成搞笑的细胞们每天工作的情况，其中以一位路痴红血球和英勇善战的白血球为主角，开展了每一天会遇到的各种细菌入侵的故事。在欢乐与感动中收货知识，向全体细胞致敬
分提芥子	1538913187	0	0	10	13	专业知识萌化，而且还做得不错。
梓汐达	1538912817	0	0	8	13	到最后几集画面有点崩，但整体而言还是蛮有意思的番，我对这番的感觉是，不是特别喜欢但是能追完。承包所有白血球。
趴着呢	1538912615	0	0	10	13	有创意，各种各样的有意思的。红菌长征，更喜岷山千里血。
020259F4	1538912254	0	0	10	13	啊血小板好可爱
机智如他的	1538911419	0	0	10	13	果断
作诗自欢	1538911282	0	0	10	6	哇 真的超好看鸭
光影记忆321	1538911230	0	0	10	13	五星没说的
TEM丶梦魇	1538911042	0	0	10	13	可以，很棒。感谢两个半月的陪伴。致敬所以的细胞 谢谢你们一直坚持工作。我们也会加油的＾０＾~
我陈哥2也没有开挂	1538910984	0	0	10	5	啊！多么的一个恋爱（划掉）科普番啊！
chen陈三岁	1538910649	0	0	10	13	超级喜欢白细胞!
皮皮怪杰克汉黑堡	1538910528	0	0	10	13	感谢陪伴，希望有续集
星空下的约定_彩虹海	1538910510	0	0	10	13	暖
超高校级的萌狼	1538910324	0	0	10	13	绝对值得五星好评(??ω??)?
Hachi-Poi	1538910028	0	0	8	9	遗憾最后一集的演出……
蛋挞117	1538909921	0	0	10	13	非常好
什沫君	1538909279	0	0	10	13	期待第二季！我还想了解一下我的身体啊
活在异次元的中二少年	1538908953	0	0	10	13	希望会有第二季
JanterConnor	1538908830	0	0	10	13	非常好看！！！！
邪起灵臣	1538908804	0	0	10	13	感谢陪伴暑假
飞变焦	1538908563	0	0	10	13	很不错的番，身为穷人的我终于看完了！感谢37e细胞的陪伴！
橙毒溴Br2	1538908545	0	0	10	13	感谢身体里的每一个细胞的辛勤工作，我们才能健康地生活下去。
袖袖啊不熊熊	1538907819	0	0	10	13	很棒的一部科普向番，用最简单的方式叙述了各种细胞的职能。希望有下一季～
哈哈嘻嘻嘟嘟拉拉	1538907741	0	0	10	13	好看好看啊
血月蝶舞	1538907711	0	0	10	13	这是一部好番，红细胞或许经常迷路，但她的心从未迷失，想想以前我对血的好奇，手上出现伤口我就挤，现在想想真想给以前的我一个大嘴巴，让你挤让你挤，多少细胞就因为我的好奇给没了，以后我再也不挤，好好爱护身体
Stray-None	1538907554	0	0	10	13	不，应该10.0分
夜空剑士kirito	1538907115	0	0	10	13	更加爱自己的身体，同时Claris赛高!
麻瓜默	1538907061	0	0	10	13	推荐～真的很好看！！！是个不错的番～
夏木没错夏木	1538906825	0	0	10	13	这叫什么？身体番吗？以血管为主要的场地展开的体内日常，既展现了身体内的生活，又映**社会的工作生活。很棒(???)
Kirito鸣	1538906168	0	0	10	13	一部好的动漫
洛水天依方	1538906024	0	0	10	13	当你不顺心的时候，想想还有大约37兆2千亿个细胞还在时时刻刻关心着你，你有什么理由不坚强地活着！最后，希望一切平安美好！
杏子茶茶	1538905966	0	0	10	13	非常棒的动漫，让我了解知识之余，更加珍惜身体健康，以及每一位生命
翻身非酋把歌唱	1538905841	0	0	10	13	啊啊居然完结了……以后没法看白赤撒狗粮了_(:з」∠)_最后一集愣是给看哭了，37兆的细胞在为了挽留你的生命而努力啊……
阿尔托莉莉雅	1538905334	0	0	10	13	完结撒花，7月最有趣的一部作品
轮回owo	1538904972	0	0	10	13	我看完了，最后1.3亿播放量，科普了很多细胞的知识啊，还掺杂搞笑内容让我们更好理解以及更感兴趣，弹幕数次感谢我们身体内的细胞，也是蛮感动的。。。谢谢细胞们的努力！
碧东未完成	1538904837	0	0	10	13	不错不错
我是青松	1538904693	0	0	10	13	很不错的科普番。
飞龙Hiryu	1538904617	0	0	10	13	满足了
空hg滨	1538904598	0	0	10	12	期待，第二季
老司机快带我上昆明	1538904293	0	0	10	13	看完之后都不敢受伤了呢
随遇而安的R小姐	1538903762	0	0	10	12	超级超级超级超级无敌好看！！！！！
利利夫人	1538902939	0	0	10	12	太可爱的番啦！！希望让看到的各位都学会爱惜自己的身体哦！就算你放弃了自己，这千千万万个细胞都没有放弃你啊！
闪耀的十字架	1538902923	0	0	10	13	好看
苏泠泷i	1538902729	0	0	10	13	这不是一部枯燥的科普番，它用拟人的手法让我们学到了一些医学知识，也让我们懂得了团结和敬业的重要性，也从微观世界收获了感动。让我们好好生活，爱惜身体吧～
我爱中jp	1538902674	0	0	10	13	很好看
吃鸡小蕾姆	1538902275	0	0	10	13	七月霸主，不多说了hhhhh
阿揪子	1538902231	0	0	10	13	生物成绩max
灵矣摩尔	1538902187	0	0	10	13	第一次，由细胞教会我要爱护自己。但是，感觉自己全身都是恋爱的酸臭味了→_→
wolfandprince	1538902185	0	0	10	13	你身体里的细胞都在为你努力着，你又有什么理由放弃呢？
晴天牌的霹雳糖	1538902018	0	0	10	12	喜欢腹黑又温柔的树状细胞！
朱雀あああ	1538902001	0	0	10	13	感动与欢笑，科学与感性，原来这一切都离我们很近。
星沉觅岸	1538901898	0	0	8	13	一开始觉得故事设定挺新奇的，然后看着看着就感觉除此之外好像也没啥亮点，也没那种看完一集后除了看下集啥都不想干的感觉，所以最后两集一直都没看。现在把补完后，居然有点感动…气氛很到位啊，结尾可以说很不错了
簸韦る咸鱼	1538901717	0	0	10	13	我就不发表看法了，任何语言都不能完美阐释我的感受
栗子爱吃甜辣酱	1538901602	0	0	10	13	我会好好珍惜生命的！
圆麻麻	1538900906	0	0	10	13	很棒啊！可爱又温暖！
Soda灭灭	1538900773	0	0	10	13	有趣生动地上了一堂生物课，细胞们都超级可爱啊
Shana_0	1538900745	0	0	10	13	老少皆宜，尤其是当作教育片给孩子带来的兴趣太重要了。当年要是有这番，高中时我也不至于生物成绩那么差~
佐藤_防火	1538900714	0	0	10	13	谢谢，真的谢谢香菜为我们带来了这么好的动漫，Bって！
@恋初雨	1538900579	0	0	10	13	期待第二季(下学期会考生物能不能及格就看你了。)
椭圆形与双曲线	1538900504	0	0	10	3	专门用来复习生物的番剧。你，值得拥有！
我缺你啊	1538900245	0	0	8	13	很好看的呀
神一样的送法	1538899881	0	0	10	13	为自己体内的37兆细胞点赞，他们既然都没有懈怠，那我更不能懈怠了
坏心哇	1538899620	0	0	10	13	挺喜欢的一部番，最后一集那里满屏幕的，她也许经常迷路但她的心从未迷失方向，感动。为了细胞们在我们身体的努力，我们应该更加努力并爱惜自己的身体
tobenice	1538899493	0	0	10	13	在此，向所有的细胞致敬
没人受伤的世界	1538899303	0	0	10	13	好看，题材新颖！
蓝蓝的天0n	1538899103	0	0	10	13	为了身体的细胞，也有快乐健康 积极向上的活着。
FZ酱	1538899079	0	0	8	13	不错，剧情新颖。把人体细胞讲的如此细致。
东柠666	1538898882	0	0	10	13	非常棒
alan夜	1538898668	0	0	8	12	刚开始会感觉很有意思 后面发觉开始无聊
豌豆加柑橘	1538898618	0	0	10	13	有趣又甜蜜
孤断纳迦	1538898579	0	0	10	13	向所有的细胞，致以崇高的敬意。
纯小白F	1538898355	0	0	10	13	要爱护好自己的身体哟
jay泽	1538898045	0	0	10	12	真心喜欢这部番
风雨沙	1538898042	0	0	8	13	某种意义上不错的科普向
福尔摩宗	1538897782	0	0	10	13	在此，我向所有细胞致以最高的敬意。
内裤外穿男	1538897619	0	0	10	10	好好活着，有数十亿的细胞正在为你拼命，不要浪费了他们的心血。
天奕儿	1538897504	0	0	10	13	good
我惠美如画中仙z	1538897470	0	0	10	13	真的是一部非常好的番剧，最后来了一波高潮感动，感谢陪伴
Lalake611	1538897306	0	0	10	13	这个番让一个厌恶生物的文科生每周期待着更新，以前从来没有意识到原来在我眼里是一个小病的感冒和中暑等等会引发这么大的连锁反应，以后会更加珍惜自己的身体，好好锻炼，让红白血球好好谈恋爱（手动狗头）。
Eternal_Joker	1538897151	0	0	10	13	真的很好看
缘灬雾	1538896970	0	0	10	13	很不错的动漫，让学渣充分知道了许多
南南三	1538896931	0	0	10	13	多灾多难的身体完结了！
琉璃-RNG加油	1538896611	0	0	10	13	加油⊙⊙
琛-0529叶修生日快乐	1538896568	0	0	10	13	记得刚开始看预告的时候还没有多大的感觉嘞，没想到这么有趣呀～
凤思锦	1538896536	0	0	10	13	感觉我活到那么大真的不容易，我还没我的细胞勤奋真的太对不起了……生命真的很可贵啊，看完以后感觉我会更珍惜自己的生命，我的细胞为了让我活下去不停努力着，我总不能辜负了他们的辛苦吧。
@鬼l	1538896136	0	0	10	13	超赞！！
Kiki4176	1538895803	0	0	10	13	科普却又不无聊
东没	1538895645	0	0	8	13	这番真的很好
小纱布	1538895270	0	0	10	13	看了之后感觉自己要更努力的活着
想娶魔王的勇者	1538893910	0	0	10	13	世纪好番，一开始是因为无聊点开这部番，但是说真的，这部番教会了我很多，身为一个高三仔，因为这部番对生物又有了信心，最后结局真的泪目，此生无悔入此番(??ω??)?
绎璇子	1538893476	0	0	10	13	很可爱的一部番哦～已经追完啦！推荐给所有了解或不了解相关生物知识的盘友们～
闪闪哟Sshan	1538893276	0	0	10	13	5555555555等你第二季
曲终文未散	1538893272	0	0	10	13	好看。。作为高二党。。。表示生物瞬间充满了兴趣
账号什么时候注销	1538893064	0	0	10	13	献上硬币
f00iv	1538892940	0	0	10	13	好好活着
砚今耶	1538892888	0	0	10	12	今天终于想起来过来评分了，这是唯一一个我在我妈面前看没被她说的动漫了(T＿T)
寒枫之语	1538892757	0	0	10	1	很有意思的番
冬瓜120306	1538892245	0	0	10	13	最后好燃啊。。。不会辜负我体内细胞的努力的
乔君家的小洛子	1538892199	0	0	10	13	好看
啾啾复唧唧	1538892041	0	0	10	13	敲棒的一部科普番，第一次评分献给所有的细胞，辛苦啦(?????????)
我的源千鹤	1538891615	0	0	10	13	那还是强的啊
ZEmunich	1538891565	0	0	10	13	真的太棒了呢
羽落诉怜殇	1538891549	0	0	10	13	很不错，希望能多一点这样的番剧
源氏重宝-膝丸	1538891548	0	0	10	11	抱走白哥
懒癌患者吖梨	1538891524	0	0	10	12	好看！
