player_name,season,race_rst,rival,rate_shot,rebounds,assists,steals,caps,scores
勒布朗-詹姆斯,03-04,负,国王106-92骑士,60.0%,6,9,4,0,25
勒布朗-詹姆斯,03-04,负,太阳95-86骑士,47.1%,12,8,1,0,21
勒布朗-詹姆斯,03-04,负,开拓者104-85骑士,25.0%,4,6,2,0,8
勒布朗-詹姆斯,03-04,负,掘金93-89骑士,27.3%,11,7,2,3,7
勒布朗-詹姆斯,03-04,负,步行者91-90骑士,44.4%,5,3,0,0,23
勒布朗-詹姆斯,03-04,胜,奇才98-111骑士,42.1%,8,9,1,1,17
勒布朗-詹姆斯,03-04,胜,尼克斯80-94骑士,58.3%,5,4,1,1,17
勒布朗-詹姆斯,03-04,负,热火88-83骑士,40.0%,3,7,2,1,18
勒布朗-詹姆斯,03-04,负,凯尔特91-82骑士,25.0%,5,3,0,0,10
勒布朗-詹姆斯,03-04,胜,76人88-91骑士,52.6%,5,8,1,2,22
勒布朗-詹姆斯,03-04,胜,快船95-103骑士,37.5%,7,8,0,1,14
勒布朗-詹姆斯,03-04,负,奇才106-95骑士,55.6%,7,8,2,1,28
勒布朗-詹姆斯,03-04,负,森林狼97-83骑士,42.1%,9,2,1,0,19
勒布朗-詹姆斯,03-04,负,老鹰92-83骑士,18.8%,6,4,2,1,15
勒布朗-詹姆斯,03-04,负,黄蜂82-72骑士,29.4%,8,9,0,0,15
勒布朗-詹姆斯,03-04,负,活塞92-88骑士,25.0%,2,7,0,0,6
勒布朗-詹姆斯,03-04,负,灰熊122-115骑士,50.0%,16,7,1,1,33
勒布朗-詹姆斯,03-04,负,掘金115-103骑士,31.6%,6,5,2,0,19
勒布朗-詹姆斯,03-04,负,快船90-80骑士,15.4%,6,8,2,0,4
勒布朗-詹姆斯,03-04,胜,老鹰85-95骑士,33.3%,6,5,2,1,8
勒布朗-詹姆斯,03-04,负,猛龙100-93骑士,43.8%,5,3,1,0,18
勒布朗-詹姆斯,03-04,胜,活塞86-95骑士,38.1%,3,9,1,1,23
勒布朗-詹姆斯,03-04,负,凯尔特105-98骑士,50.0%,3,4,0,0,37
勒布朗-詹姆斯,03-04,负,步行者95-85骑士,62.5%,4,6,3,3,27
勒布朗-詹姆斯,03-04,负,火箭89-85骑士,36.8%,1,3,0,0,17
勒布朗-詹姆斯,03-04,胜,76人81-88骑士,58.3%,4,5,4,0,36
勒布朗-詹姆斯,03-04,胜,公牛87-95骑士,50.0%,6,10,2,2,32
勒布朗-詹姆斯,03-04,胜,黄蜂86-97骑士,31.8%,6,2,6,1,22
勒布朗-詹姆斯,03-04,负,魔术113-101骑士,46.4%,2,6,2,1,34
勒布朗-詹姆斯,03-04,负,公牛87-80骑士,29.2%,3,4,1,2,18
勒布朗-詹姆斯,03-04,胜,开拓者74-86骑士,65.2%,10,9,3,0,32
勒布朗-詹姆斯,03-04,负,步行者92-89骑士,45.0%,10,4,0,0,22
勒布朗-詹姆斯,03-04,负,篮网97-82骑士,31.6%,4,9,1,0,14
勒布朗-詹姆斯,03-04,胜,尼克斯96-107骑士,35.3%,4,10,1,1,14
勒布朗-詹姆斯,03-04,负,猛龙75-69骑士,43.5%,2,5,0,0,21
勒布朗-詹姆斯,03-04,负,凯尔特107-82骑士,36.8%,3,6,3,0,19
勒布朗-詹姆斯,03-04,负,湖人89-79骑士,30.0%,5,7,1,1,16
勒布朗-詹姆斯,03-04,胜,超音速96-104骑士,42.3%,9,9,2,0,27
勒布朗-詹姆斯,03-04,负,勇士119-102骑士,38.1%,6,6,3,0,29
勒布朗-詹姆斯,03-04,胜,爵士96-102骑士,42.9%,7,2,2,1,29
勒布朗-詹姆斯,03-04,胜,魔术98-99骑士,36.8%,5,3,0,2,16
勒布朗-詹姆斯,03-04,胜,热火93-94骑士,40.0%,5,4,2,1,27
勒布朗-詹姆斯,03-04,负,雄鹿101-95骑士,28.0%,8,3,1,0,20
勒布朗-詹姆斯,03-04,胜,奇才100-104骑士,51.9%,6,4,0,2,38
勒布朗-詹姆斯,03-04,胜,活塞82-85骑士,26.3%,4,6,2,0,12
勒布朗-詹姆斯,03-04,负,湖人111-106骑士,46.2%,4,4,0,0,32
勒布朗-詹姆斯,03-04,负,森林狼103-92骑士,33.3%,9,5,0,0,14
勒布朗-詹姆斯,03-04,负,奇才106-88骑士,37.5%,0,6,4,1,14
勒布朗-詹姆斯,03-04,胜,凯尔特89-97骑士,36.0%,6,3,2,1,24
勒布朗-詹姆斯,03-04,负,篮网105-85骑士,15.4%,2,5,1,0,9
勒布朗-詹姆斯,03-04,负,小牛114-98骑士,50.0%,4,9,0,1,16
勒布朗-詹姆斯,03-04,胜,马刺87-89骑士,60.9%,11,2,2,1,32
勒布朗-詹姆斯,03-04,胜,尼克斯86-92骑士,35.0%,5,3,1,0,22
勒布朗-詹姆斯,03-04,胜,黄蜂100-104骑士,43.8%,4,6,2,5,21
勒布朗-詹姆斯,03-04,负,火箭90-84骑士,27.8%,7,5,2,1,11
勒布朗-詹姆斯,03-04,胜,魔术107-112骑士,57.9%,11,3,3,1,30
勒布朗-詹姆斯,03-04,负,公牛92-81骑士,41.2%,3,3,4,1,18
勒布朗-詹姆斯,03-04,胜,老鹰80-112骑士,52.9%,7,3,1,1,24
勒布朗-詹姆斯,03-04,胜,黄蜂85-88骑士,41.2%,6,4,2,0,19
勒布朗-詹姆斯,03-04,胜,雄鹿97-106骑士,45.8%,7,10,4,1,24
勒布朗-詹姆斯,03-04,胜,老鹰102-108骑士,47.8%,6,7,1,0,34
勒布朗-詹姆斯,03-04,胜,猛龙92-106骑士,30.8%,3,4,1,0,14
勒布朗-詹姆斯,03-04,胜,步行者104-107骑士,54.5%,3,4,3,1,26
勒布朗-詹姆斯,03-04,胜,公牛87-111骑士,31.3%,5,8,0,5,17
勒布朗-詹姆斯,03-04,负,爵士97-88骑士,28.6%,0,7,2,1,14
勒布朗-詹姆斯,03-04,负,活塞96-76骑士,29.4%,7,3,0,2,15
勒布朗-詹姆斯,03-04,负,太阳103-86骑士,38.1%,2,6,3,1,25
勒布朗-詹姆斯,03-04,负,76人86-71骑士,38.5%,3,7,0,1,16
勒布朗-詹姆斯,03-04,胜,篮网104-107骑士,51.7%,6,13,3,0,41
勒布朗-詹姆斯,03-04,负,马刺101-93骑士,45.0%,2,4,0,1,18
勒布朗-詹姆斯,03-04,负,小牛126-109骑士,59.1%,5,6,4,0,28
勒布朗-詹姆斯,03-04,负,雄鹿107-89骑士,47.4%,7,7,5,0,20
勒布朗-詹姆斯,03-04,负,勇士103-100骑士,42.9%,8,10,1,1,34
勒布朗-詹姆斯,03-04,负,猛龙87-86骑士,29.4%,6,4,3,0,21
勒布朗-詹姆斯,03-04,负,灰熊92-74骑士,36.4%,3,5,3,0,14
勒布朗-詹姆斯,03-04,负,热火106-91骑士,42.9%,7,8,1,0,24
勒布朗-詹姆斯,03-04,胜,热火80-91骑士,36.4%,3,11,0,0,10
勒布朗-詹姆斯,03-04,胜,雄鹿89-93骑士,45.0%,7,9,2,0,27
勒布朗-詹姆斯,03-04,胜,尼克斯90-100骑士,47.1%,1,5,3,0,17
勒布朗-詹姆斯,04-05,负,步行者109-104骑士,42.1%,5,8,1,3,28
勒布朗-詹姆斯,04-05,负,热火92-86骑士,40.9%,6,8,1,0,21
勒布朗-詹姆斯,04-05,负,雄鹿102-88骑士,40.0%,8,6,3,0,31
勒布朗-詹姆斯,04-05,胜,老鹰79-93骑士,47.1%,10,4,4,2,25
勒布朗-詹姆斯,04-05,胜,太阳109-114骑士,54.2%,10,6,3,3,38
勒布朗-詹姆斯,04-05,胜,奇才74-105骑士,50.0%,9,4,3,2,24
勒布朗-詹姆斯,04-05,胜,勇士88-99骑士,54.5%,12,4,2,1,33
勒布朗-詹姆斯,04-05,胜,山猫89-106骑士,57.1%,6,9,0,0,19
勒布朗-詹姆斯,04-05,胜,山猫84-100骑士,55.0%,8,2,3,1,25
勒布朗-詹姆斯,04-05,负,尼克斯98-88骑士,33.3%,9,10,1,1,13
勒布朗-詹姆斯,04-05,胜,活塞76-92骑士,68.2%,6,5,3,1,43
勒布朗-詹姆斯,04-05,胜,凯尔特96-98骑士,69.2%,6,8,3,1,20
勒布朗-詹姆斯,04-05,胜,公牛74-96骑士,64.7%,7,7,1,0,26
勒布朗-詹姆斯,04-05,负,快船94-82骑士,47.4%,7,5,6,1,22
勒布朗-詹姆斯,04-05,负,太阳120-101骑士,31.6%,3,6,2,1,15
勒布朗-詹姆斯,04-05,胜,掘金73-92骑士,47.1%,8,9,2,1,17
勒布朗-詹姆斯,04-05,胜,猛龙97-105骑士,58.8%,6,10,2,1,27
勒布朗-詹姆斯,04-05,胜,篮网97-103骑士,50.0%,2,8,3,0,27
勒布朗-詹姆斯,04-05,负,公牛113-85骑士,33.3%,2,6,1,1,19
勒布朗-詹姆斯,04-05,负,马刺116-97骑士,52.6%,6,10,4,0,23
勒布朗-詹姆斯,04-05,胜,灰熊86-92骑士,63.6%,5,8,7,0,31
勒布朗-詹姆斯,04-05,胜,开拓者88-112骑士,55.6%,11,7,3,2,25
勒布朗-詹姆斯,04-05,负,活塞81-69骑士,19.0%,9,7,4,1,11
勒布朗-詹姆斯,04-05,负,凯尔特114-107骑士,48.0%,5,4,3,1,31
勒布朗-詹姆斯,04-05,胜,森林狼97-107骑士,55.6%,6,12,1,0,26
勒布朗-詹姆斯,04-05,负,篮网92-90骑士,38.9%,9,9,1,0,23
勒布朗-詹姆斯,04-05,胜,黄蜂91-100骑士,43.8%,9,14,4,1,22
勒布朗-詹姆斯,04-05,胜,老鹰102-111骑士,52.0%,9,7,1,0,40
勒布朗-詹姆斯,04-05,负,火箭98-87骑士,0.0%,3,5,0,0,3
勒布朗-詹姆斯,04-05,胜,山猫83-94骑士,57.9%,8,6,2,0,26
勒布朗-詹姆斯,04-05,胜,老鹰85-101骑士,50.0%,6,9,1,1,20
勒布朗-詹姆斯,04-05,胜,尼克斯79-104骑士,71.4%,3,4,0,2,22
勒布朗-詹姆斯,04-05,胜,山猫98-100骑士,45.8%,8,9,2,1,29
勒布朗-詹姆斯,04-05,负,湖人98-94骑士,46.2%,13,9,1,1,28
勒布朗-詹姆斯,04-05,胜,爵士71-84骑士,45.0%,8,5,5,0,27
勒布朗-詹姆斯,04-05,负,超音速105-97骑士,46.7%,5,11,4,1,35
勒布朗-詹姆斯,04-05,胜,开拓者101-107骑士,68.8%,11,10,4,0,27
勒布朗-詹姆斯,04-05,负,国王123-96骑士,47.4%,8,6,1,0,18
勒布朗-詹姆斯,04-05,胜,勇士87-105骑士,54.2%,12,10,1,1,28
勒布朗-詹姆斯,04-05,负,奇才106-97骑士,46.2%,10,8,2,1,31
勒布朗-詹姆斯,04-05,胜,灰熊111-114骑士,62.5%,9,15,3,2,27
勒布朗-詹姆斯,04-05,负,魔术105-102骑士,50.0%,5,7,0,1,28
勒布朗-詹姆斯,04-05,负,热火100-88骑士,47.8%,2,10,3,0,31
勒布朗-詹姆斯,04-05,胜,魔术92-101骑士,42.9%,6,9,2,0,30
勒布朗-詹姆斯,04-05,胜,猛龙91-104骑士,42.9%,8,11,3,0,15
勒布朗-詹姆斯,04-05,负,掘金106-101骑士,41.4%,6,6,1,0,35
勒布朗-詹姆斯,04-05,胜,湖人89-103骑士,40.0%,8,9,3,1,25
勒布朗-詹姆斯,04-05,胜,老鹰89-111骑士,55.0%,5,6,3,0,28
勒布朗-詹姆斯,04-05,负,森林狼94-88骑士,52.6%,7,8,1,0,26
勒布朗-詹姆斯,04-05,胜,公牛91-100骑士,47.1%,6,11,5,0,27
勒布朗-詹姆斯,04-05,负,步行者106-82骑士,36.0%,7,5,2,1,21
勒布朗-詹姆斯,04-05,负,篮网104-98骑士,45.0%,4,7,2,0,28
勒布朗-詹姆斯,04-05,负,马刺94-92骑士,27.3%,8,7,0,0,20
勒布朗-詹姆斯,04-05,负,超音速103-86骑士,55.0%,5,5,0,0,32
勒布朗-詹姆斯,04-05,负,76人98-89骑士,57.1%,7,7,4,0,34
勒布朗-詹姆斯,04-05,负,热火102-82骑士,47.4%,4,5,2,0,23
勒布朗-詹姆斯,04-05,胜,魔术92-111骑士,40.9%,7,8,1,1,23
勒布朗-詹姆斯,04-05,胜,步行者86-98骑士,52.2%,5,5,1,0,35
勒布朗-詹姆斯,04-05,胜,爵士73-92骑士,73.3%,9,2,0,1,36
勒布朗-詹姆斯,04-05,负,雄鹿96-88骑士,50.0%,7,6,1,0,34
勒布朗-詹姆斯,04-05,负,76人93-81骑士,15.0%,8,8,4,0,16
勒布朗-詹姆斯,04-05,负,猛龙105-98骑士,50.0%,10,5,2,0,56
勒布朗-詹姆斯,04-05,胜,活塞76-91骑士,45.8%,6,6,1,0,29
勒布朗-詹姆斯,04-05,负,火箭99-80骑士,31.8%,4,8,1,0,19
勒布朗-詹姆斯,04-05,负,小牛117-86骑士,41.2%,4,6,0,0,19
勒布朗-詹姆斯,04-05,胜,黄蜂108-109骑士,55.2%,6,3,4,0,44
勒布朗-詹姆斯,04-05,胜,快船84-94骑士,35.0%,7,5,2,1,22
勒布朗-詹姆斯,04-05,负,公牛102-90骑士,35.7%,6,7,4,2,26
勒布朗-詹姆斯,04-05,负,国王128-109骑士,61.9%,8,9,2,0,35
勒布朗-詹姆斯,04-05,胜,小牛80-100骑士,43.5%,10,7,2,1,37
勒布朗-詹姆斯,04-05,负,篮网111-80骑士,47.4%,9,4,2,2,24
勒布朗-詹姆斯,04-05,负,步行者98-77骑士,50.0%,4,3,1,0,20
勒布朗-詹姆斯,04-05,负,76人103-98骑士,40.0%,13,7,5,0,37
勒布朗-詹姆斯,04-05,胜,雄鹿81-98骑士,57.7%,10,10,2,1,40
勒布朗-詹姆斯,04-05,胜,魔术106-114骑士,52.2%,7,6,5,1,33
勒布朗-詹姆斯,04-05,负,尼克斯95-89骑士,28.0%,18,7,2,2,27
勒布朗-詹姆斯,04-05,负,奇才119-111骑士,48.5%,6,6,1,0,38
勒布朗-詹姆斯,04-05,负,活塞90-87骑士,34.3%,11,6,0,1,37
勒布朗-詹姆斯,04-05,胜,凯尔特86-100骑士,48.1%,8,6,5,0,32
勒布朗-詹姆斯,04-05,胜,猛龙95-104骑士,43.5%,14,14,0,1,27
勒布朗-詹姆斯,05-06,胜,黄蜂87-109骑士,56.3%,3,4,2,0,31
勒布朗-詹姆斯,05-06,负,马刺102-76骑士,43.8%,6,4,0,1,20
勒布朗-詹姆斯,05-06,负,灰熊113-106骑士,48.3%,2,6,2,0,36
勒布朗-詹姆斯,05-06,胜,猛龙93-105骑士,52.9%,3,6,1,2,27
勒布朗-詹姆斯,05-06,胜,超音速85-112骑士,55.6%,5,1,0,1,31
勒布朗-詹姆斯,05-06,胜,灰熊70-89骑士,45.5%,6,2,3,1,16
勒布朗-詹姆斯,05-06,胜,魔术100-108骑士,45.0%,5,3,0,1,26
勒布朗-詹姆斯,05-06,胜,奇才99-114骑士,65.2%,10,4,0,2,37
勒布朗-詹姆斯,05-06,胜,魔术84-102骑士,35.3%,6,4,2,0,16
勒布朗-詹姆斯,05-06,胜,76人120-123骑士,58.3%,11,10,1,1,36
勒布朗-詹姆斯,05-06,胜,凯尔特93-115骑士,65.0%,5,4,2,2,36
勒布朗-詹姆斯,05-06,负,步行者98-76骑士,30.0%,10,4,5,1,19
勒布朗-詹姆斯,05-06,负,森林狼89-85骑士,44.8%,5,2,4,0,38
勒布朗-詹姆斯,05-06,胜,快船105-112骑士,35.0%,7,9,1,1,28
勒布朗-詹姆斯,05-06,负,超音速115-108骑士,51.9%,3,8,1,3,34
勒布朗-詹姆斯,05-06,负,快船102-90骑士,32.0%,5,6,1,1,30
勒布朗-詹姆斯,05-06,胜,国王97-102骑士,43.5%,6,6,2,3,30
勒布朗-詹姆斯,05-06,负,篮网109-100骑士,42.3%,6,3,0,1,32
勒布朗-詹姆斯,05-06,负,雄鹿111-106骑士,65.5%,7,7,2,0,52
勒布朗-詹姆斯,05-06,负,老鹰100-94骑士,56.5%,10,6,2,0,39
勒布朗-詹姆斯,05-06,胜,掘金85-94骑士,61.1%,4,9,1,0,26
勒布朗-詹姆斯,05-06,胜,热火107-115骑士,63.2%,5,10,1,0,41
勒布朗-詹姆斯,05-06,胜,爵士85-110骑士,66.7%,6,4,3,2,25
勒布朗-詹姆斯,05-06,胜,公牛100-108骑士,48.0%,5,6,4,0,37
勒布朗-詹姆斯,05-06,胜,步行者89-94骑士,25.0%,8,9,1,0,14
勒布朗-詹姆斯,05-06,胜,公牛91-102骑士,48.0%,8,6,2,2,32
勒布朗-詹姆斯,05-06,负,篮网96-91骑士,57.1%,10,8,2,0,31
勒布朗-詹姆斯,05-06,胜,活塞84-97骑士,50.0%,7,7,4,1,30
勒布朗-詹姆斯,05-06,胜,雄鹿84-91骑士,41.4%,11,11,5,1,32
勒布朗-詹姆斯,05-06,负,火箭90-81骑士,68.4%,9,5,1,0,32
勒布朗-詹姆斯,05-06,胜,雄鹿88-96骑士,63.6%,7,6,0,1,35
勒布朗-詹姆斯,05-06,负,尼克斯92-84骑士,45.2%,7,7,0,1,36
勒布朗-詹姆斯,05-06,负,湖人99-98骑士,50.0%,2,9,0,0,28
勒布朗-詹姆斯,05-06,负,太阳115-106骑士,64.3%,7,8,1,0,46
勒布朗-詹姆斯,05-06,负,开拓者89-87骑士,38.5%,13,7,1,3,29
勒布朗-詹姆斯,05-06,负,掘金90-89骑士,35.0%,11,9,0,0,24
勒布朗-詹姆斯,05-06,负,勇士99-79骑士,22.7%,9,6,0,0,14
勒布朗-詹姆斯,05-06,胜,爵士90-108骑士,54.3%,5,8,2,0,51
勒布朗-詹姆斯,05-06,胜,步行者66-96骑士,33.3%,7,8,2,2,23
勒布朗-詹姆斯,05-06,胜,老鹰97-106骑士,50.0%,9,6,3,1,38
勒布朗-詹姆斯,05-06,胜,步行者89-93骑士,52.2%,7,9,3,1,30
勒布朗-詹姆斯,05-06,胜,太阳106-113骑士,51.5%,11,7,1,1,44
勒布朗-詹姆斯,05-06,胜,山猫91-103骑士,57.9%,6,6,5,1,30
勒布朗-詹姆斯,05-06,胜,篮网85-91骑士,38.1%,11,10,1,1,26
勒布朗-詹姆斯,05-06,负,热火101-73骑士,41.4%,5,7,1,0,29
勒布朗-詹姆斯,05-06,负,76人100-95骑士,58.8%,4,6,2,1,31
勒布朗-詹姆斯,05-06,胜,雄鹿86-89骑士,45.0%,9,12,0,2,22
勒布朗-詹姆斯,05-06,胜,森林狼91-97骑士,32.4%,11,8,1,0,35
勒布朗-詹姆斯,05-06,负,奇才101-89骑士,26.1%,9,8,1,0,18
勒布朗-詹姆斯,05-06,负,勇士99-91骑士,58.8%,5,6,1,2,33
勒布朗-詹姆斯,05-06,胜,马刺87-101骑士,57.6%,3,5,4,0,44
勒布朗-詹姆斯,05-06,胜,凯尔特109-113骑士,50.0%,12,11,2,4,43
勒布朗-詹姆斯,05-06,胜,魔术92-105骑士,41.7%,2,9,1,2,26
勒布朗-詹姆斯,05-06,负,76人116-107骑士,54.2%,6,5,2,1,33
勒布朗-詹姆斯,05-06,负,奇才102-94骑士,33.3%,7,9,1,0,25
勒布朗-詹姆斯,05-06,负,活塞90-78骑士,45.0%,9,7,0,0,22
勒布朗-詹姆斯,05-06,负,活塞84-72骑士,40.9%,4,6,0,1,26
勒布朗-詹姆斯,05-06,负,国王97-90骑士,33.3%,7,12,1,2,19
勒布朗-詹姆斯,05-06,胜,公牛91-92骑士,40.7%,11,8,0,1,33
勒布朗-詹姆斯,05-06,胜,公牛72-91骑士,53.6%,9,7,2,0,37
勒布朗-詹姆斯,05-06,胜,猛龙99-106骑士,29.4%,12,8,1,0,17
勒布朗-詹姆斯,05-06,胜,猛龙97-98骑士,54.2%,6,6,1,0,35
勒布朗-詹姆斯,05-06,负,魔术102-73骑士,40.9%,7,2,2,1,25
勒布朗-詹姆斯,05-06,负,热火98-92骑士,40.7%,7,4,0,1,47
勒布朗-詹姆斯,05-06,负,小牛91-87骑士,51.9%,12,5,0,2,36
勒布朗-詹姆斯,05-06,胜,开拓者84-99骑士,39.1%,9,5,6,0,27
勒布朗-詹姆斯,05-06,胜,湖人95-96骑士,41.7%,8,7,1,0,29
勒布朗-詹姆斯,05-06,胜,山猫118-120骑士,47.6%,11,12,0,1,37
勒布朗-詹姆斯,05-06,胜,凯尔特82-94骑士,50.0%,7,8,2,3,36
勒布朗-詹姆斯,05-06,胜,火箭102-104骑士,41.2%,6,5,2,0,36
勒布朗-詹姆斯,05-06,胜,小牛94-107骑士,69.6%,5,4,3,0,46
勒布朗-詹姆斯,05-06,胜,热火99-106骑士,64.0%,12,9,2,0,47
勒布朗-詹姆斯,05-06,胜,山猫97-101骑士,54.2%,12,8,1,2,35
勒布朗-詹姆斯,05-06,胜,76人91-124骑士,59.1%,4,7,4,0,37
勒布朗-詹姆斯,05-06,负,尼克斯96-94骑士,50.0%,2,7,3,0,36
勒布朗-詹姆斯,05-06,胜,篮网102-108骑士,46.2%,5,7,1,0,37
勒布朗-詹姆斯,05-06,胜,黄蜂101-103骑士,50.0%,4,6,0,0,32
勒布朗-詹姆斯,05-06,负,活塞96-73骑士,44.4%,3,1,0,0,22
勒布朗-詹姆斯,05-06,负,奇才104-92骑士,50.0%,5,4,1,1,17
勒布朗-詹姆斯,06-07,胜,奇才94-97骑士,45.8%,10,5,0,2,26
勒布朗-詹姆斯,06-07,胜,马刺81-88骑士,53.8%,10,4,1,1,35
勒布朗-詹姆斯,06-07,负,山猫92-88骑士,23.1%,9,7,0,1,16
勒布朗-詹姆斯,06-07,负,老鹰104-95骑士,50.0%,7,6,2,1,34
勒布朗-詹姆斯,06-07,胜,公牛94-113骑士,46.2%,4,12,3,2,19
勒布朗-詹姆斯,06-07,胜,凯尔特93-94骑士,52.9%,8,5,3,0,38
勒布朗-詹姆斯,06-07,胜,尼克斯96-102骑士,52.6%,4,6,2,1,29
勒布朗-詹姆斯,06-07,胜,开拓者87-100骑士,66.7%,7,7,2,1,32
勒布朗-詹姆斯,06-07,胜,森林狼76-92骑士,50.0%,9,6,1,2,37
勒布朗-詹姆斯,06-07,负,奇才111-99骑士,40.0%,5,4,2,0,20
勒布朗-詹姆斯,06-07,胜,灰熊94-97骑士,33.3%,1,9,3,1,15
勒布朗-詹姆斯,06-07,负,猛龙95-87骑士,45.8%,10,8,4,0,30
勒布朗-詹姆斯,06-07,负,步行者97-87骑士,42.9%,7,5,1,0,30
勒布朗-詹姆斯,06-07,胜,76人95-108骑士,50.0%,4,11,0,1,25
勒布朗-詹姆斯,06-07,负,尼克斯101-98骑士,45.5%,7,6,0,1,27
勒布朗-詹姆斯,06-07,胜,老鹰95-106骑士,52.2%,7,8,3,2,31
勒布朗-詹姆斯,06-07,负,火箭81-63骑士,31.8%,5,4,0,0,21
勒布朗-詹姆斯,06-07,胜,猛龙91-95骑士,61.1%,6,10,1,0,26
勒布朗-詹姆斯,06-07,胜,步行者75-107骑士,68.8%,7,6,1,1,27
勒布朗-詹姆斯,06-07,负,黄蜂95-89骑士,38.9%,7,6,4,0,15
勒布朗-詹姆斯,06-07,胜,山猫101-104骑士,35.3%,8,7,1,1,22
勒布朗-詹姆斯,06-07,胜,超音速84-106骑士,64.3%,9,7,1,0,22
勒布朗-詹姆斯,06-07,负,魔术81-74骑士,52.6%,5,5,0,1,29
勒布朗-詹姆斯,06-07,负,篮网113-111骑士,45.5%,1,8,2,1,37
勒布朗-詹姆斯,06-07,负,活塞87-71骑士,45.0%,10,5,2,0,26
勒布朗-詹姆斯,06-07,胜,魔术83-86骑士,61.9%,7,1,0,0,32
勒布朗-詹姆斯,06-07,胜,老鹰76-89骑士,40.0%,9,3,1,2,27
勒布朗-詹姆斯,06-07,胜,雄鹿99-109骑士,52.4%,4,5,1,1,32
勒布朗-詹姆斯,06-07,负,公牛103-96骑士,57.7%,9,3,1,0,33
勒布朗-詹姆斯,06-07,胜,马刺78-82骑士,41.2%,5,5,2,0,19
勒布朗-詹姆斯,06-07,胜,凯尔特104-107骑士,55.0%,6,4,3,1,32
勒布朗-詹姆斯,06-07,胜,雄鹿86-95骑士,23.1%,5,9,1,0,8
勒布朗-詹姆斯,06-07,胜,篮网91-96骑士,42.9%,13,4,3,3,19
勒布朗-詹姆斯,06-07,胜,国王98-108骑士,53.8%,4,7,2,1,34
勒布朗-詹姆斯,06-07,负,太阳109-90骑士,53.6%,6,6,1,0,34
勒布朗-詹姆斯,06-07,胜,快船92-104骑士,43.5%,6,6,1,0,28
勒布朗-詹姆斯,06-07,负,超音速101-96骑士,38.1%,7,8,2,1,30
勒布朗-詹姆斯,06-07,负,开拓者94-76骑士,38.1%,6,2,1,0,23
勒布朗-詹姆斯,06-07,负,掘金110-99骑士,39.1%,10,10,2,0,30
勒布朗-詹姆斯,06-07,胜,勇士104-106骑士,63.6%,7,5,4,0,32
勒布朗-詹姆斯,06-07,负,魔术90-79骑士,40.0%,4,5,3,0,18
勒布朗-詹姆斯,06-07,负,76人118-115骑士,53.8%,10,5,1,0,39
勒布朗-詹姆斯,06-07,负,太阳115-100骑士,54.5%,9,5,2,0,30
勒布朗-詹姆斯,06-07,负,热火92-89骑士,33.3%,6,9,1,0,17
勒布朗-詹姆斯,06-07,胜,山猫81-101骑士,53.8%,10,3,2,0,18
勒布朗-詹姆斯,06-07,负,活塞90-78骑士,40.9%,5,6,2,0,21
勒布朗-詹姆斯,06-07,胜,快船77-94骑士,30.8%,7,3,1,1,11
勒布朗-詹姆斯,06-07,胜,热火79-103骑士,54.5%,7,6,0,0,29
勒布朗-詹姆斯,06-07,胜,湖人90-99骑士,31.3%,8,5,1,1,18
勒布朗-詹姆斯,06-07,负,爵士99-98骑士,36.0%,10,4,1,3,23
勒布朗-詹姆斯,06-07,胜,湖人108-114骑士,62.5%,4,3,3,0,38
勒布朗-詹姆斯,06-07,胜,猛龙85-86骑士,48.0%,4,2,1,1,29
勒布朗-詹姆斯,06-07,负,公牛84-78骑士,46.4%,7,2,3,0,29
勒布朗-詹姆斯,06-07,负,热火86-81骑士,45.5%,3,7,0,1,29
勒布朗-詹姆斯,06-07,胜,黄蜂89-97骑士,63.6%,5,8,2,1,35
勒布朗-詹姆斯,06-07,负,小牛95-92骑士,63.0%,3,5,0,0,39
勒布朗-詹姆斯,06-07,胜,猛龙97-120骑士,50.0%,5,6,0,3,36
勒布朗-詹姆斯,06-07,胜,火箭85-91骑士,50.0%,12,8,0,0,32
勒布朗-詹姆斯,06-07,胜,活塞97-101骑士,54.8%,7,8,3,1,41
勒布朗-詹姆斯,06-07,胜,雄鹿92-94骑士,54.5%,8,9,3,1,32
勒布朗-詹姆斯,06-07,胜,步行者88-99骑士,45.5%,7,6,3,1,26
勒布朗-詹姆斯,06-07,胜,灰熊96-118骑士,64.7%,6,4,3,0,29
勒布朗-詹姆斯,06-07,胜,爵士73-82骑士,38.1%,17,9,2,2,24
勒布朗-詹姆斯,06-07,负,山猫108-100骑士,38.7%,6,6,1,3,37
勒布朗-詹姆斯,06-07,负,小牛98-90骑士,42.9%,6,4,2,3,31
勒布朗-詹姆斯,06-07,胜,尼克斯68-90骑士,50.0%,3,10,2,0,21
勒布朗-詹姆斯,06-07,负,掘金105-93骑士,42.1%,3,8,1,0,18
勒布朗-詹姆斯,06-07,胜,步行者94-105骑士,44.4%,7,6,2,0,26
勒布朗-詹姆斯,06-07,负,尼克斯97-93骑士,30.0%,6,7,2,0,24
勒布朗-詹姆斯,06-07,胜,公牛108-112骑士,56.0%,5,9,3,0,39
勒布朗-詹姆斯,06-07,胜,森林狼88-101骑士,54.2%,12,6,4,1,31
勒布朗-詹姆斯,06-07,负,热火94-90骑士,52.4%,9,5,0,0,35
勒布朗-詹姆斯,06-07,胜,奇才94-99骑士,30.4%,6,5,1,1,25
勒布朗-詹姆斯,06-07,负,活塞87-82骑士,31.3%,5,6,1,0,20
勒布朗-詹姆斯,06-07,胜,篮网76-94骑士,55.6%,8,4,2,1,35
勒布朗-詹姆斯,06-07,胜,老鹰76-110骑士,50.0%,5,6,1,1,23
勒布朗-詹姆斯,06-07,胜,76人92-98骑士,46.7%,5,6,0,0,18
勒布朗-詹姆斯,06-07,胜,雄鹿96-109骑士,50.0%,5,9,2,0,24
勒布朗-詹姆斯,07-08,负,小牛92-74骑士,18.2%,5,4,1,0,10
勒布朗-詹姆斯,07-08,胜,尼克斯106-110骑士,46.4%,7,7,3,1,45
勒布朗-詹姆斯,07-08,负,太阳103-92骑士,42.3%,5,8,2,4,27
勒布朗-詹姆斯,07-08,胜,勇士104-108骑士,56.3%,13,9,0,3,24
勒布朗-詹姆斯,07-08,负,爵士103-101骑士,44.4%,15,13,3,2,32
勒布朗-詹姆斯,07-08,胜,国王91-93骑士,52.6%,4,4,1,1,26
勒布朗-詹姆斯,07-08,胜,快船95-103骑士,42.9%,5,8,6,1,22
勒布朗-詹姆斯,07-08,负,掘金122-100骑士,56.3%,1,4,2,0,27
勒布朗-詹姆斯,07-08,负,魔术117-116骑士,55.6%,13,14,0,2,39
勒布朗-詹姆斯,07-08,胜,爵士94-99骑士,48.1%,10,9,0,3,40
勒布朗-詹姆斯,07-08,负,雄鹿111-107骑士,50.0%,7,7,1,1,34
勒布朗-詹姆斯,07-08,胜,森林狼86-97骑士,65.4%,8,5,3,2,45
勒布朗-詹姆斯,07-08,胜,猛龙108-111骑士,48.3%,12,12,3,1,37
勒布朗-詹姆斯,07-08,胜,步行者106-111骑士,47.6%,11,10,4,1,30
勒布朗-詹姆斯,07-08,胜,凯尔特104-109骑士,44.0%,4,13,2,2,38
勒布朗-詹姆斯,07-08,负,活塞109-74骑士,45.5%,1,3,0,0,15
勒布朗-詹姆斯,07-08,胜,步行者105-118骑士,55.6%,3,5,1,1,17
勒布朗-詹姆斯,07-08,负,篮网105-97骑士,48.0%,6,8,2,0,29
勒布朗-詹姆斯,07-08,负,76人92-86骑士,55.6%,6,6,0,1,21
勒布朗-詹姆斯,07-08,胜,雄鹿99-104骑士,40.0%,8,5,1,0,31
勒布朗-詹姆斯,07-08,负,尼克斯108-90骑士,57.1%,8,6,6,0,32
勒布朗-詹姆斯,07-08,胜,湖人90-94骑士,41.4%,10,5,1,1,33
勒布朗-詹姆斯,07-08,负,勇士105-96骑士,40.0%,5,8,1,1,25
勒布朗-詹姆斯,07-08,胜,热火82-96骑士,47.4%,6,12,1,1,25
勒布朗-詹姆斯,07-08,胜,小牛81-88骑士,42.9%,8,7,3,0,24
勒布朗-詹姆斯,07-08,负,黄蜂86-76骑士,38.1%,5,6,1,0,21
勒布朗-詹姆斯,07-08,胜,老鹰94-98骑士,59.1%,5,6,2,1,36
勒布朗-詹姆斯,07-08,胜,国王93-97骑士,38.9%,8,10,5,1,24
勒布朗-詹姆斯,07-08,胜,猛龙90-93骑士,48.3%,11,8,0,0,39
勒布朗-詹姆斯,07-08,胜,超音速79-95骑士,44.4%,8,3,2,0,22
勒布朗-詹姆斯,07-08,负,老鹰90-81骑士,59.1%,10,6,3,1,31
勒布朗-詹姆斯,07-08,胜,山猫106-113骑士,50.0%,19,8,4,3,31
勒布朗-詹姆斯,07-08,胜,灰熊124-132骑士,64.3%,8,9,3,1,51
勒布朗-詹姆斯,07-08,胜,马刺88-90骑士,37.5%,9,7,0,2,27
勒布朗-詹姆斯,07-08,胜,热火90-97骑士,42.3%,3,5,4,1,28
勒布朗-詹姆斯,07-08,胜,奇才85-121骑士,53.8%,8,8,2,1,23
勒布朗-詹姆斯,07-08,负,太阳110-108骑士,46.7%,7,5,2,0,36
勒布朗-詹姆斯,07-08,胜,湖人95-98骑士,50.0%,9,4,2,0,41
勒布朗-詹姆斯,07-08,胜,开拓者83-84骑士,44.8%,14,4,2,2,37
勒布朗-詹姆斯,07-08,胜,快船84-98骑士,42.1%,11,7,2,1,28
勒布朗-詹姆斯,07-08,胜,凯尔特113-114骑士,52.4%,9,12,5,2,33
勒布朗-詹姆斯,07-08,负,火箭92-77骑士,52.2%,7,6,2,2,32
勒布朗-詹姆斯,07-08,胜,老鹰95-100骑士,45.8%,11,7,2,1,26
勒布朗-詹姆斯,07-08,负,掘金113-83骑士,47.8%,5,3,2,0,30
勒布朗-詹姆斯,07-08,胜,魔术111-118骑士,53.3%,7,10,3,1,29
勒布朗-詹姆斯,07-08,负,马刺112-105骑士,54.8%,6,9,0,1,39
勒布朗-詹姆斯,07-08,负,火箭93-85骑士,38.9%,13,11,2,0,26
勒布朗-詹姆斯,07-08,胜,步行者97-106骑士,50.0%,14,12,2,1,31
勒布朗-詹姆斯,07-08,胜,奇才89-90骑士,55.0%,15,8,1,1,33
勒布朗-詹姆斯,07-08,胜,灰熊89-109骑士,58.8%,7,11,3,1,25
勒布朗-詹姆斯,07-08,负,雄鹿105-102骑士,66.7%,4,6,0,1,35
勒布朗-詹姆斯,07-08,负,凯尔特92-87骑士,29.2%,8,4,0,0,26
勒布朗-詹姆斯,07-08,胜,森林狼84-92骑士,50.0%,8,13,2,0,30
勒布朗-詹姆斯,07-08,胜,公牛86-95骑士,51.7%,6,6,1,0,37
勒布朗-詹姆斯,07-08,胜,尼克斯105-119骑士,53.3%,8,10,4,0,50
勒布朗-詹姆斯,07-08,负,公牛107-96骑士,48.1%,3,1,1,3,39
勒布朗-詹姆斯,07-08,胜,步行者95-103骑士,45.8%,11,4,1,2,38
勒布朗-詹姆斯,07-08,胜,开拓者80-88骑士,38.9%,10,11,1,2,24
勒布朗-詹姆斯,07-08,负,篮网104-99骑士,52.2%,11,7,1,2,42
勒布朗-詹姆斯,07-08,负,奇才101-99骑士,40.9%,7,7,0,0,25
勒布朗-詹姆斯,07-08,胜,山猫91-98骑士,45.8%,7,10,1,2,33
勒布朗-詹姆斯,07-08,负,魔术104-90骑士,50.0%,9,6,0,1,30
勒布朗-詹姆斯,07-08,胜,活塞73-89骑士,57.9%,7,6,1,1,30
勒布朗-詹姆斯,07-08,胜,猛龙83-90骑士,63.6%,12,5,1,0,29
勒布朗-詹姆斯,07-08,负,雄鹿108-98骑士,36.0%,11,4,2,0,29
勒布朗-詹姆斯,07-08,负,黄蜂100-99骑士,42.9%,3,8,2,2,21
勒布朗-詹姆斯,07-08,负,活塞85-71骑士,23.5%,4,5,0,0,13
勒布朗-詹姆斯,07-08,胜,76人88-91骑士,61.1%,9,9,3,1,26
勒布朗-詹姆斯,07-08,胜,山猫114-118骑士,57.9%,4,5,3,2,29
勒布朗-詹姆斯,07-08,负,公牛101-98骑士,41.7%,5,4,2,2,33
勒布朗-詹姆斯,07-08,负,魔术101-86骑士,27.3%,7,9,2,2,17
勒布朗-詹姆斯,07-08,胜,篮网83-104骑士,52.4%,7,8,1,2,33
勒布朗-詹姆斯,07-08,负,公牛100-95骑士,61.9%,6,2,3,0,34
勒布朗-詹姆斯,07-08,胜,热火76-84骑士,33.3%,11,7,1,2,13
勒布朗-詹姆斯,07-08,胜,76人90-91骑士,55.6%,4,5,2,1,27
勒布朗-詹姆斯,08-09,负,凯尔特90-85骑士,42.9%,7,6,2,1,22
勒布朗-詹姆斯,08-09,胜,山猫79-96骑士,46.7%,9,9,0,1,22
勒布朗-詹姆斯,08-09,负,黄蜂104-92骑士,40.0%,7,13,3,0,15
勒布朗-詹姆斯,08-09,胜,小牛81-100骑士,40.0%,8,3,2,1,29
勒布朗-詹姆斯,08-09,胜,公牛93-107骑士,56.5%,9,6,4,0,41
勒布朗-詹姆斯,08-09,胜,步行者107-111骑士,45.8%,9,8,1,4,27
勒布朗-詹姆斯,08-09,胜,公牛97-106骑士,44.8%,13,4,0,0,41
勒布朗-詹姆斯,08-09,胜,雄鹿93-99骑士,66.7%,5,6,3,0,41
勒布朗-詹姆斯,08-09,胜,掘金99-110骑士,50.0%,8,11,3,0,22
勒布朗-詹姆斯,08-09,胜,爵士93-105骑士,61.9%,5,7,2,2,38
勒布朗-詹姆斯,08-09,胜,篮网82-106骑士,45.0%,8,4,0,1,31
勒布朗-詹姆斯,08-09,负,活塞96-89骑士,38.1%,6,6,4,0,25
勒布朗-詹姆斯,08-09,胜,老鹰96-110骑士,42.1%,7,8,2,0,24
勒布朗-詹姆斯,08-09,胜,尼克斯101-119骑士,50.0%,4,1,1,1,26
勒布朗-詹姆斯,08-09,胜,雷霆82-117骑士,58.3%,3,3,1,3,14
勒布朗-詹姆斯,08-09,胜,勇士97-112骑士,69.2%,7,8,3,1,23
勒布朗-詹姆斯,08-09,胜,雄鹿85-97骑士,44.4%,7,5,2,1,32
勒布朗-詹姆斯,08-09,胜,尼克斯82-118骑士,50.0%,5,6,5,1,21
勒布朗-詹姆斯,08-09,胜,步行者73-97骑士,33.3%,8,11,1,3,11
勒布朗-詹姆斯,08-09,胜,山猫74-94骑士,47.1%,5,4,2,2,25
勒布朗-詹姆斯,08-09,胜,猛龙94-114骑士,61.1%,5,4,3,0,31
勒布朗-詹姆斯,08-09,胜,76人93-101骑士,45.5%,4,5,0,2,29
勒布朗-詹姆斯,08-09,胜,76人72-88骑士,42.9%,7,7,1,3,28
勒布朗-詹姆斯,08-09,负,老鹰97-92骑士,52.6%,6,9,4,1,33
勒布朗-詹姆斯,08-09,胜,森林狼70-93骑士,70.0%,6,3,2,2,32
勒布朗-詹姆斯,08-09,胜,掘金88-105骑士,65.0%,10,8,0,0,33
勒布朗-詹姆斯,08-09,胜,雷霆91-102骑士,58.3%,4,7,3,1,31
勒布朗-詹姆斯,08-09,胜,火箭90-99骑士,47.8%,9,5,3,1,27
勒布朗-詹姆斯,08-09,胜,奇才89-93骑士,46.2%,5,6,3,1,18
勒布朗-詹姆斯,08-09,胜,热火86-93骑士,63.2%,6,9,0,1,33
勒布朗-詹姆斯,08-09,负,热火104-95骑士,50.0%,2,7,0,2,38
勒布朗-詹姆斯,08-09,胜,公牛92-117骑士,37.5%,10,11,2,3,16
勒布朗-詹姆斯,08-09,负,奇才80-77骑士,50.0%,6,10,1,2,30
勒布朗-詹姆斯,08-09,胜,山猫81-111骑士,56.3%,4,4,2,2,21
勒布朗-詹姆斯,08-09,胜,凯尔特83-98骑士,52.0%,7,6,4,3,38
勒布朗-詹姆斯,08-09,胜,灰熊87-102骑士,60.0%,11,10,3,1,30
勒布朗-詹姆斯,08-09,负,公牛102-93骑士,28.6%,14,7,1,1,28
勒布朗-詹姆斯,08-09,胜,黄蜂78-92骑士,50.0%,14,7,3,1,29
勒布朗-詹姆斯,08-09,负,湖人105-88骑士,36.0%,9,4,4,1,23
勒布朗-詹姆斯,08-09,胜,开拓者98-104骑士,46.7%,7,14,1,0,34
勒布朗-詹姆斯,08-09,胜,勇士105-106骑士,41.7%,9,8,3,2,32
勒布朗-詹姆斯,08-09,胜,爵士97-102骑士,51.9%,14,9,1,0,33
勒布朗-詹姆斯,08-09,胜,国王110-117骑士,50.0%,15,11,0,3,23
勒布朗-詹姆斯,08-09,负,魔术99-88骑士,37.0%,8,8,1,1,23
勒布朗-詹姆斯,08-09,胜,快船95-112骑士,52.9%,7,6,3,1,25
勒布朗-詹姆斯,08-09,胜,活塞80-90骑士,48.0%,4,8,1,1,33
勒布朗-詹姆斯,08-09,胜,猛龙83-101骑士,45.0%,7,4,1,2,33
勒布朗-詹姆斯,08-09,胜,尼克斯102-107骑士,51.5%,9,11,0,2,52
勒布朗-詹姆斯,08-09,负,湖人101-91骑士,25.0%,8,12,0,0,16
勒布朗-詹姆斯,08-09,负,步行者96-95骑士,71.4%,7,4,1,1,47
勒布朗-詹姆斯,08-09,胜,太阳92-109骑士,50.0%,6,6,2,1,26
勒布朗-詹姆斯,08-09,胜,猛龙76-93骑士,52.9%,9,9,1,1,20
勒布朗-詹姆斯,08-09,胜,雄鹿103-111骑士,55.2%,5,9,0,0,55
勒布朗-詹姆斯,08-09,胜,活塞78-99骑士,46.2%,5,9,2,1,20
勒布朗-詹姆斯,08-09,胜,灰熊79-94骑士,40.0%,5,8,0,1,15
勒布朗-詹姆斯,08-09,负,火箭93-74骑士,33.3%,1,0,1,2,21
勒布朗-詹姆斯,08-09,胜,马刺86-97骑士,52.2%,14,4,2,0,30
勒布朗-詹姆斯,08-09,胜,老鹰87-88骑士,40.0%,6,11,1,2,26
勒布朗-詹姆斯,08-09,胜,热火100-107骑士,61.9%,8,4,1,1,42
勒布朗-詹姆斯,08-09,胜,雄鹿73-91骑士,63.6%,8,4,1,0,23
勒布朗-詹姆斯,08-09,负,凯尔特105-94骑士,33.3%,6,5,1,0,21
勒布朗-詹姆斯,08-09,胜,热火89-99骑士,33.3%,10,12,1,1,14
勒布朗-詹姆斯,08-09,胜,快船83-87骑士,43.5%,13,11,2,2,32
勒布朗-詹姆斯,08-09,胜,太阳111-119骑士,41.7%,10,13,3,3,34
勒布朗-詹姆斯,08-09,胜,国王123-126骑士,53.3%,4,9,2,3,51
勒布朗-詹姆斯,08-09,胜,尼克斯93-98骑士,52.9%,8,10,4,3,19
勒布朗-詹姆斯,08-09,胜,魔术93-97骑士,55.6%,12,8,4,1,43
勒布朗-詹姆斯,08-09,胜,开拓者92-97骑士,45.5%,11,10,1,2,26
勒布朗-詹姆斯,08-09,胜,老鹰96-102骑士,42.9%,7,5,3,1,22
勒布朗-詹姆斯,08-09,胜,篮网88-96骑士,52.9%,11,8,1,0,30
勒布朗-詹姆斯,08-09,胜,篮网87-98骑士,50.0%,8,11,1,0,22
勒布朗-詹姆斯,08-09,胜,森林狼85-107骑士,57.1%,12,7,0,0,25
勒布朗-詹姆斯,08-09,胜,小牛74-102骑士,40.9%,6,12,1,2,24
勒布朗-詹姆斯,08-09,胜,活塞73-79骑士,37.5%,12,3,3,1,25
勒布朗-詹姆斯,08-09,负,奇才109-101骑士,61.1%,9,6,0,0,31
勒布朗-詹姆斯,08-09,负,魔术116-87骑士,35.0%,9,5,1,0,26
勒布朗-詹姆斯,08-09,胜,马刺81-101骑士,66.7%,7,6,1,0,38
勒布朗-詹姆斯,08-09,胜,奇才86-98骑士,46.7%,6,7,3,0,21
勒布朗-詹姆斯,08-09,胜,76人92-102骑士,47.1%,2,10,0,1,27
勒布朗-詹姆斯,08-09,胜,凯尔特76-107骑士,64.3%,4,7,1,1,29
勒布朗-詹姆斯,08-09,胜,步行者109-117骑士,52.2%,5,5,1,0,37
勒布朗-詹姆斯,09-10,负,凯尔特95-89骑士,54.5%,4,8,2,4,38
勒布朗-詹姆斯,09-10,负,猛龙101-91骑士,36.8%,11,12,2,0,23
勒布朗-詹姆斯,09-10,胜,森林狼87-104骑士,55.6%,9,6,1,1,24
勒布朗-詹姆斯,09-10,胜,山猫79-90骑士,45.5%,7,9,0,0,14
勒布朗-詹姆斯,09-10,胜,奇才90-102骑士,43.8%,8,6,3,0,27
勒布朗-詹姆斯,09-10,负,公牛86-85骑士,52.9%,7,6,1,1,25
勒布朗-詹姆斯,09-10,胜,尼克斯91-100骑士,70.6%,8,9,3,0,33
勒布朗-詹姆斯,09-10,胜,魔术93-102骑士,56.5%,8,4,1,0,36
勒布朗-詹姆斯,09-10,胜,热火104-111骑士,40.0%,4,7,2,1,34
勒布朗-詹姆斯,09-10,胜,爵士103-107骑士,40.0%,6,9,2,1,21
勒布朗-詹姆斯,09-10,胜,勇士108-114骑士,57.9%,5,12,1,2,31
勒布朗-詹姆斯,09-10,负,奇才108-91骑士,60.0%,2,9,2,0,34
勒布朗-詹姆斯,09-10,胜,步行者95-105骑士,52.0%,9,7,1,1,40
勒布朗-詹姆斯,09-10,胜,76人91-97骑士,65.0%,7,9,0,0,32
勒布朗-詹姆斯,09-10,胜,活塞88-98骑士,50.0%,8,7,1,0,34
勒布朗-詹姆斯,09-10,负,山猫94-87骑士,52.6%,6,4,0,0,25
勒布朗-詹姆斯,09-10,胜,小牛95-111骑士,50.0%,5,12,0,0,25
勒布朗-詹姆斯,09-10,胜,太阳90-107骑士,40.0%,8,10,1,1,12
勒布朗-詹姆斯,09-10,胜,公牛87-101骑士,47.1%,6,11,0,0,23
勒布朗-詹姆斯,09-10,胜,雄鹿86-101骑士,40.0%,5,10,1,1,14
勒布朗-詹姆斯,09-10,负,灰熊111-109骑士,48.3%,13,6,0,1,43
勒布朗-詹姆斯,09-10,负,火箭95-85骑士,38.1%,6,7,1,1,27
勒布朗-詹姆斯,09-10,胜,开拓者99-104骑士,58.3%,7,7,1,2,33
勒布朗-詹姆斯,09-10,胜,雷霆89-102骑士,55.2%,7,6,4,1,44
勒布朗-詹姆斯,09-10,胜,篮网89-99骑士,47.4%,6,7,2,0,23
勒布朗-詹姆斯,09-10,胜,76人101-108骑士,46.2%,6,7,3,1,36
勒布朗-詹姆斯,09-10,胜,雄鹿82-85骑士,46.2%,10,8,0,3,26
勒布朗-詹姆斯,09-10,负,小牛102-95骑士,39.1%,3,6,2,2,25
勒布朗-詹姆斯,09-10,胜,太阳91-109骑士,52.4%,6,4,2,0,29
勒布朗-詹姆斯,09-10,胜,国王104-117骑士,46.7%,16,10,0,0,34
勒布朗-詹姆斯,09-10,胜,湖人87-102骑士,47.4%,4,9,2,1,26
勒布朗-詹姆斯,09-10,胜,火箭83-108骑士,60.0%,5,6,3,1,29
勒布朗-詹姆斯,09-10,胜,老鹰84-95骑士,30.0%,8,10,5,1,14
勒布朗-詹姆斯,09-10,胜,老鹰101-106骑士,65.2%,10,6,2,2,48
勒布朗-詹姆斯,09-10,胜,篮网86-94骑士,43.8%,9,7,1,2,28
勒布朗-詹姆斯,09-10,负,山猫91-88骑士,61.9%,7,6,1,1,29
勒布朗-詹姆斯,09-10,胜,奇才98-121骑士,58.3%,7,8,1,2,23
勒布朗-詹姆斯,09-10,负,掘金99-97骑士,42.9%,6,7,1,0,35
勒布朗-詹姆斯,09-10,胜,开拓者94-106骑士,68.4%,10,8,0,1,41
勒布朗-詹姆斯,09-10,胜,勇士114-117骑士,52.2%,8,11,2,4,37
勒布朗-詹姆斯,09-10,负,爵士97-96骑士,60.0%,9,6,5,1,36
勒布朗-詹姆斯,09-10,胜,快船101-102骑士,60.0%,4,4,2,1,32
勒布朗-詹姆斯,09-10,胜,猛龙100-108骑士,44.4%,9,11,3,3,28
勒布朗-詹姆斯,09-10,胜,湖人87-93骑士,52.0%,5,9,2,1,37
勒布朗-詹姆斯,09-10,胜,雷霆99-100骑士,47.4%,9,12,1,1,37
勒布朗-詹姆斯,09-10,胜,热火91-92骑士,39.1%,9,4,1,0,32
勒布朗-詹姆斯,09-10,胜,森林狼95-109骑士,37.5%,6,11,1,1,12
勒布朗-詹姆斯,09-10,胜,步行者73-94骑士,33.3%,9,13,2,4,22
勒布朗-詹姆斯,09-10,胜,快船89-114骑士,50.0%,3,11,1,0,32
勒布朗-詹姆斯,09-10,胜,灰熊89-105骑士,50.0%,6,15,1,1,22
勒布朗-詹姆斯,09-10,胜,热火86-102骑士,56.3%,7,8,2,0,36
勒布朗-詹姆斯,09-10,胜,尼克斯106-113骑士,54.8%,8,8,5,0,47
勒布朗-詹姆斯,09-10,胜,篮网97-104骑士,61.9%,3,11,1,0,32
勒布朗-詹姆斯,09-10,胜,魔术106-115骑士,47.6%,8,13,2,0,32
勒布朗-詹姆斯,09-10,负,掘金118-116骑士,45.5%,13,15,2,4,43
勒布朗-詹姆斯,09-10,负,山猫110-93骑士,42.9%,3,9,4,0,22
勒布朗-詹姆斯,09-10,负,魔术101-95骑士,48.0%,9,6,2,1,33
勒布朗-詹姆斯,09-10,胜,黄蜂95-105骑士,43.8%,5,13,2,0,20
勒布朗-詹姆斯,09-10,胜,凯尔特88-108骑士,47.8%,7,9,0,0,36
勒布朗-詹姆斯,09-10,胜,猛龙118-126骑士,58.8%,6,9,2,0,36
勒布朗-詹姆斯,09-10,胜,尼克斯93-124骑士,52.9%,7,7,2,2,22
勒布朗-詹姆斯,09-10,胜,篮网92-111骑士,55.6%,7,14,3,1,26
勒布朗-詹姆斯,09-10,胜,活塞92-99骑士,59.3%,13,6,3,2,40
勒布朗-詹姆斯,09-10,胜,76人95-100骑士,38.9%,6,10,1,3,23
勒布朗-詹姆斯,09-10,胜,凯尔特93-104骑士,42.9%,8,7,2,3,30
勒布朗-詹姆斯,09-10,胜,活塞101-113骑士,45.5%,12,12,1,1,29
勒布朗-詹姆斯,09-10,胜,步行者94-99骑士,45.8%,9,9,3,2,32
勒布朗-詹姆斯,09-10,胜,公牛85-92骑士,42.9%,11,7,2,2,29
勒布朗-詹姆斯,09-10,胜,活塞79-104骑士,55.6%,3,7,0,1,15
勒布朗-詹姆斯,09-10,胜,黄蜂92-105骑士,68.2%,6,9,1,0,38
勒布朗-詹姆斯,09-10,负,马刺102-97骑士,52.4%,5,10,2,0,27
勒布朗-詹姆斯,09-10,胜,国王90-97骑士,59.1%,7,8,3,0,34
勒布朗-詹姆斯,09-10,胜,雄鹿98-101骑士,41.2%,9,7,1,1,23
勒布朗-詹姆斯,09-10,胜,老鹰88-93骑士,55.0%,13,6,2,0,27
勒布朗-詹姆斯,09-10,负,凯尔特117-113骑士,45.2%,7,9,1,1,42
勒布朗-詹姆斯,09-10,胜,猛龙101-113骑士,38.5%,6,13,0,1,19
勒布朗-詹姆斯,10-11,负,凯尔特88-80热火,47.6%,4,3,1,2,31
勒布朗-詹姆斯,10-11,胜,76人87-97热火,41.7%,6,7,2,1,16
勒布朗-詹姆斯,10-11,胜,魔术70-96热火,46.2%,6,7,0,0,15
勒布朗-詹姆斯,10-11,胜,篮网78-101热火,41.7%,7,7,2,0,20
勒布朗-詹姆斯,10-11,胜,森林狼97-129热火,58.3%,0,12,2,1,20
勒布朗-詹姆斯,10-11,负,黄蜂96-93热火,37.5%,7,10,3,1,20
勒布朗-詹姆斯,10-11,胜,篮网89-101热火,56.3%,3,9,2,0,23
勒布朗-詹姆斯,10-11,负,爵士116-114热火,27.8%,11,14,1,3,20
勒布朗-詹姆斯,10-11,负,凯尔特112-107热火,42.9%,10,9,3,0,35
勒布朗-詹姆斯,10-11,胜,猛龙100-109热火,38.1%,2,11,2,0,23
勒布朗-詹姆斯,10-11,胜,太阳96-123热火,60.0%,8,9,3,0,20
勒布朗-詹姆斯,10-11,胜,山猫87-95热火,48.0%,2,5,2,0,32
勒布朗-詹姆斯,10-11,负,灰熊97-95热火,47.8%,3,11,1,0,29
勒布朗-詹姆斯,10-11,负,步行者93-77热火,42.9%,5,6,1,0,25
勒布朗-詹姆斯,10-11,负,魔术104-95热火,50.0%,6,4,1,0,25
勒布朗-詹姆斯,10-11,胜,76人90-99热火,33.3%,8,6,2,1,20
勒布朗-詹姆斯,10-11,负,小牛106-95热火,26.3%,8,4,1,0,23
勒布朗-詹姆斯,10-11,胜,奇才94-105热火,55.6%,6,5,1,1,30
勒布朗-詹姆斯,10-11,胜,活塞72-97热火,53.3%,6,3,1,0,18
勒布朗-詹姆斯,10-11,胜,骑士90-118热火,60.0%,5,8,1,1,38
勒布朗-詹姆斯,10-11,胜,老鹰77-89热火,45.5%,7,4,1,1,22
勒布朗-詹姆斯,10-11,胜,雄鹿78-88热火,43.8%,6,6,1,1,17
勒布朗-詹姆斯,10-11,胜,爵士98-111热火,60.0%,7,9,0,0,33
勒布朗-詹姆斯,10-11,胜,勇士84-106热火,55.6%,7,9,1,1,25
勒布朗-詹姆斯,10-11,胜,国王83-104热火,52.6%,10,3,2,0,25
勒布朗-詹姆斯,10-11,胜,黄蜂84-96热火,37.5%,4,7,0,0,20
勒布朗-詹姆斯,10-11,胜,骑士95-101热火,33.3%,13,5,1,0,21
勒布朗-詹姆斯,10-11,胜,尼克斯91-113热火,60.9%,11,10,1,0,32
勒布朗-詹姆斯,10-11,胜,奇才94-95热火,47.4%,7,6,1,0,32
勒布朗-詹姆斯,10-11,负,小牛98-96热火,35.3%,10,7,0,0,19
勒布朗-詹姆斯,10-11,胜,太阳83-95热火,59.1%,6,4,3,0,36
勒布朗-詹姆斯,10-11,胜,湖人80-96热火,57.1%,11,10,4,0,27
勒布朗-詹姆斯,10-11,胜,尼克斯98-106热火,47.1%,10,8,0,0,18
勒布朗-詹姆斯,10-11,胜,火箭119-125热火,53.3%,6,9,1,0,20
勒布朗-詹姆斯,10-11,胜,勇士107-114热火,46.7%,7,10,1,1,25
勒布朗-詹姆斯,10-11,胜,山猫82-96热火,57.7%,9,5,1,0,38
勒布朗-詹姆斯,10-11,胜,雄鹿89-101热火,53.3%,6,9,0,2,25
勒布朗-詹姆斯,10-11,胜,雄鹿95-101热火,34.8%,10,5,6,1,26
勒布朗-詹姆斯,10-11,胜,开拓者100-107热火,65.4%,13,6,2,0,44
勒布朗-詹姆斯,10-11,负,快船111-105热火,45.8%,8,6,0,0,27
勒布朗-詹姆斯,10-11,负,老鹰93-89热火,36.7%,10,7,2,0,34
勒布朗-詹姆斯,10-11,胜,猛龙103-120热火,48.3%,11,6,2,1,38
勒布朗-詹姆斯,10-11,负,尼克斯93-88热火,29.2%,11,5,2,2,24
勒布朗-詹姆斯,10-11,胜,活塞87-88热火,60.0%,8,9,1,2,39
勒布朗-詹姆斯,10-11,胜,雷霆103-108热火,50.0%,4,13,4,3,23
勒布朗-詹姆斯,10-11,胜,骑士90-117热火,50.0%,4,8,0,2,24
勒布朗-詹姆斯,10-11,胜,魔术100-104热火,68.0%,11,8,1,1,51
勒布朗-詹姆斯,10-11,胜,山猫97-109热火,53.8%,8,9,0,0,19
勒布朗-詹姆斯,10-11,胜,快船79-97热火,40.0%,6,4,4,0,12
勒布朗-詹姆斯,10-11,胜,步行者112-117热火,65.2%,13,8,3,1,41
勒布朗-詹姆斯,10-11,胜,活塞92-106热火,41.2%,8,10,4,0,16
勒布朗-詹姆斯,10-11,负,凯尔特85-82热火,47.6%,7,7,1,0,22
勒布朗-詹姆斯,10-11,胜,步行者103-110热火,55.0%,6,5,2,2,27
勒布朗-詹姆斯,10-11,胜,猛龙95-103热火,44.4%,13,8,0,0,23
勒布朗-詹姆斯,10-11,胜,国王97-117热火,53.8%,8,3,0,0,31
勒布朗-詹姆斯,10-11,负,公牛93-89热火,57.1%,10,5,2,1,29
勒布朗-詹姆斯,10-11,胜,奇才113-121热火,45.5%,9,7,1,3,25
勒布朗-詹姆斯,10-11,负,尼克斯91-86热火,50.0%,7,5,3,1,27
勒布朗-詹姆斯,10-11,负,魔术99-96热火,68.8%,6,4,0,2,29
勒布朗-詹姆斯,10-11,负,马刺125-95热火,57.9%,8,7,1,0,26
勒布朗-詹姆斯,10-11,负,公牛87-86热火,55.6%,8,6,2,0,26
勒布朗-詹姆斯,10-11,负,开拓者105-96热火,70.0%,11,8,1,0,31
勒布朗-詹姆斯,10-11,胜,湖人88-94热火,41.2%,8,9,1,0,19
勒布朗-詹姆斯,10-11,胜,灰熊85-118热火,62.5%,5,5,1,2,27
勒布朗-詹姆斯,10-11,胜,马刺80-110热火,42.1%,6,8,0,2,21
勒布朗-詹姆斯,10-11,负,雷霆96-85热火,38.1%,8,3,1,1,19
勒布朗-詹姆斯,10-11,胜,老鹰85-106热火,76.2%,2,3,0,0,43
勒布朗-詹姆斯,10-11,胜,掘金98-103热火,60.0%,6,2,2,0,33
勒布朗-詹姆斯,10-11,胜,活塞94-100热火,50.0%,8,7,0,0,19
勒布朗-詹姆斯,10-11,胜,76人99-111热火,64.7%,10,2,3,1,32
勒布朗-詹姆斯,10-11,胜,火箭119-125热火,61.9%,10,7,0,0,33
勒布朗-詹姆斯,10-11,负,骑士102-90热火,47.6%,10,12,0,0,27
勒布朗-詹姆斯,10-11,胜,奇才107-123热火,75.0%,8,8,5,0,35
勒布朗-詹姆斯,10-11,胜,森林狼92-111热火,55.0%,6,10,3,1,27
勒布朗-詹姆斯,10-11,胜,篮网94-108热火,72.2%,11,7,3,0,31
勒布朗-詹姆斯,10-11,负,雄鹿90-85热火,45.5%,2,8,2,2,29
勒布朗-詹姆斯,10-11,胜,山猫103-112热火,56.3%,7,9,2,1,23
勒布朗-詹姆斯,10-11,胜,凯尔特77-100热火,57.9%,5,7,4,1,27
勒布朗-詹姆斯,10-11,胜,老鹰90-98热火,47.6%,10,7,3,0,34
勒布朗-詹姆斯,11-12,胜,小牛94-105热火,57.9%,10,6,2,2,37
勒布朗-詹姆斯,11-12,胜,凯尔特107-115热火,64.3%,6,5,2,1,26
勒布朗-詹姆斯,11-12,胜,山猫95-96热火,56.5%,6,7,3,2,35
勒布朗-詹姆斯,11-12,胜,森林狼101-103热火,61.5%,8,10,4,1,34
勒布朗-詹姆斯,11-12,胜,山猫90-129热火,60.0%,9,5,1,0,16
勒布朗-詹姆斯,11-12,负,老鹰100-92热火,61.1%,7,6,0,0,28
勒布朗-詹姆斯,11-12,胜,步行者83-118热火,57.1%,8,13,2,0,33
勒布朗-詹姆斯,11-12,胜,篮网90-101热火,64.7%,7,9,2,1,32
勒布朗-詹姆斯,11-12,负,勇士111-106热火,52.6%,11,7,2,0,26
勒布朗-詹姆斯,11-12,负,快船95-89热火,36.8%,13,7,2,0,23
勒布朗-詹姆斯,11-12,负,掘金117-104热火,65.0%,5,6,2,1,35
勒布朗-詹姆斯,11-12,胜,马刺98-120热火,57.1%,5,10,0,0,33
勒布朗-詹姆斯,11-12,胜,湖人87-98热火,44.4%,8,8,4,3,31
勒布朗-詹姆斯,11-12,胜,76人92-113热火,70.6%,9,5,4,3,28
勒布朗-詹姆斯,11-12,负,雄鹿91-82热火,44.4%,13,5,1,0,28
勒布朗-詹姆斯,11-12,胜,骑士85-92热火,38.1%,5,5,2,0,18
勒布朗-詹姆斯,11-12,胜,活塞98-101热火,45.0%,6,7,2,0,32
勒布朗-詹姆斯,11-12,胜,尼克斯89-99热火,61.1%,8,7,0,0,31
勒布朗-詹姆斯,11-12,胜,公牛93-97热火,52.2%,11,5,0,1,35
勒布朗-詹姆斯,11-12,胜,黄蜂95-109热火,66.7%,11,8,1,0,22
勒布朗-詹姆斯,11-12,负,雄鹿105-97热火,58.3%,8,5,2,0,40
勒布朗-詹姆斯,11-12,胜,76人79-99热火,50.0%,12,8,0,2,19
勒布朗-詹姆斯,11-12,胜,猛龙89-95热火,58.8%,9,2,1,0,30
勒布朗-詹姆斯,11-12,胜,骑士91-107热火,56.3%,5,6,2,0,24
勒布朗-詹姆斯,11-12,负,魔术102-89热火,33.3%,6,10,3,0,17
勒布朗-詹姆斯,11-12,胜,奇才89-106热火,42.9%,2,9,0,2,18
勒布朗-詹姆斯,11-12,胜,老鹰87-107热火,40.0%,13,6,1,0,23
勒布朗-詹姆斯,11-12,胜,雄鹿96-114热火,76.2%,8,3,1,0,35
勒布朗-詹姆斯,11-12,胜,步行者90-105热火,46.7%,9,7,4,0,23
勒布朗-詹姆斯,11-12,胜,骑士87-111热火,57.9%,5,5,1,1,28
勒布朗-詹姆斯,11-12,胜,魔术78-90热火,64.3%,11,8,2,0,25
勒布朗-詹姆斯,11-12,胜,国王108-120热火,63.6%,4,8,0,2,18
勒布朗-詹姆斯,11-12,胜,尼克斯88-102热火,43.8%,9,8,5,2,20
勒布朗-詹姆斯,11-12,胜,开拓者93-107热火,59.1%,11,6,5,1,38
勒布朗-詹姆斯,11-12,负,爵士99-98热火,66.7%,10,6,0,3,35
勒布朗-詹姆斯,11-12,负,湖人93-83热火,46.2%,13,7,3,2,25
勒布朗-詹姆斯,11-12,胜,篮网78-108热火,81.8%,9,6,0,0,21
勒布朗-詹姆斯,11-12,胜,老鹰86-89热火,60.0%,11,2,1,2,31
勒布朗-詹姆斯,11-12,胜,步行者91-93热火,42.1%,8,4,4,1,27
勒布朗-詹姆斯,11-12,负,魔术104-98热火,35.0%,11,8,1,1,19
勒布朗-詹姆斯,11-12,负,公牛106-102热火,56.0%,5,4,4,0,35
勒布朗-詹姆斯,11-12,胜,76人78-84热火,60.0%,7,8,2,2,29
勒布朗-詹姆斯,11-12,胜,魔术81-91热火,28.6%,12,7,5,0,14
勒布朗-詹姆斯,11-12,胜,太阳95-99热火,44.4%,8,6,2,2,20
勒布朗-詹姆斯,11-12,胜,活塞73-88热火,40.0%,6,10,4,1,17
勒布朗-詹姆斯,11-12,负,雷霆103-87热火,44.4%,3,7,2,0,17
勒布朗-詹姆斯,11-12,负,步行者105-90热火,42.9%,9,2,1,0,24
勒布朗-詹姆斯,11-12,胜,小牛85-106热火,50.0%,9,5,2,0,19
勒布朗-詹姆斯,11-12,胜,猛龙101-113热火,61.1%,4,9,1,0,26
勒布朗-詹姆斯,11-12,负,凯尔特91-72热火,55.0%,4,0,0,1,23
勒布朗-詹姆斯,11-12,胜,76人93-99热火,60.0%,6,4,3,1,41
勒布朗-詹姆斯,11-12,胜,雷霆93-98热火,50.0%,7,10,4,1,34
勒布朗-詹姆斯,11-12,负,灰熊97-82热火,42.1%,6,6,2,0,21
勒布朗-詹姆斯,11-12,胜,活塞75-98热火,54.5%,4,2,0,1,26
勒布朗-詹姆斯,11-12,负,凯尔特115-107热火,47.8%,7,7,1,1,36
勒布朗-詹姆斯,11-12,负,公牛96-86热火,45.8%,6,5,1,1,30
勒布朗-詹姆斯,11-12,胜,山猫82-105热火,43.8%,9,5,2,1,19
勒布朗-詹姆斯,11-12,胜,尼克斯85-93热火,45.8%,10,3,2,0,29
勒布朗-詹姆斯,11-12,胜,篮网98-101热火,57.9%,6,7,2,1,37
勒布朗-詹姆斯,11-12,胜,猛龙72-96热火,80.0%,5,4,2,0,28
勒布朗-詹姆斯,11-12,胜,公牛72-83热火,44.4%,11,6,0,1,27
勒布朗-詹姆斯,11-12,胜,火箭88-97热火,52.4%,8,5,1,2,32
勒布朗-詹姆斯,12-13,胜,凯尔特107-120热火,62.5%,10,3,2,0,26
勒布朗-詹姆斯,12-13,负,尼克斯104-84热火,50.0%,7,5,0,3,23
勒布朗-詹姆斯,12-13,胜,掘金116-119热火,47.1%,9,11,0,2,20
勒布朗-詹姆斯,12-13,胜,太阳99-124热火,58.8%,11,1,0,0,23
勒布朗-詹姆斯,12-13,胜,篮网73-103热火,58.3%,12,8,1,0,20
勒布朗-詹姆斯,12-13,胜,老鹰89-95热火,58.8%,11,9,1,0,21
勒布朗-詹姆斯,12-13,负,灰熊104-86热火,52.6%,10,6,2,1,20
勒布朗-詹姆斯,12-13,胜,火箭110-113热火,53.8%,10,6,0,0,38
勒布朗-詹姆斯,12-13,负,快船107-100热火,52.2%,5,7,1,2,30
勒布朗-詹姆斯,12-13,胜,掘金93-98热火,47.8%,7,12,1,3,27
勒布朗-詹姆斯,12-13,胜,太阳88-97热火,40.0%,7,3,2,0,21
勒布朗-詹姆斯,12-13,胜,雄鹿106-113热火,52.4%,10,8,1,1,28
勒布朗-詹姆斯,12-13,胜,骑士108-110热火,62.5%,6,5,0,1,30
勒布朗-詹姆斯,12-13,胜,马刺100-105热火,56.3%,9,7,4,0,23
勒布朗-詹姆斯,12-13,胜,篮网89-102热火,53.3%,9,6,1,0,21
勒布朗-詹姆斯,12-13,负,奇才105-101热火,50.0%,13,11,3,2,26
勒布朗-詹姆斯,12-13,负,尼克斯112-92热火,55.0%,10,9,3,0,31
勒布朗-詹姆斯,12-13,胜,黄蜂90-106热火,68.8%,5,7,2,0,24
勒布朗-詹姆斯,12-13,胜,老鹰92-101热火,62.5%,7,6,2,0,27
勒布朗-詹姆斯,12-13,负,勇士97-95热火,52.2%,3,5,1,0,31
勒布朗-詹姆斯,12-13,胜,奇才72-102热火,53.3%,10,5,1,0,23
勒布朗-詹姆斯,12-13,胜,森林狼92-103热火,44.4%,6,11,1,4,22
勒布朗-詹姆斯,12-13,胜,小牛95-110热火,69.2%,9,5,1,1,24
勒布朗-詹姆斯,12-13,胜,爵士89-105热火,55.0%,9,7,0,0,30
勒布朗-詹姆斯,12-13,胜,雷霆97-103热火,60.0%,8,9,2,1,29
勒布朗-詹姆斯,12-13,胜,山猫92-105热火,47.4%,12,8,4,2,27
勒布朗-詹姆斯,12-13,负,活塞109-99热火,68.2%,6,5,6,1,35
勒布朗-詹姆斯,12-13,负,雄鹿104-85热火,55.0%,6,7,2,1,26
勒布朗-詹姆斯,12-13,胜,魔术110-112热火,45.5%,8,11,1,0,36
勒布朗-詹姆斯,12-13,胜,小牛109-119热火,55.0%,12,9,3,1,32
勒布朗-詹姆斯,12-13,负,公牛96-89热火,57.1%,6,2,1,0,30
勒布朗-詹姆斯,12-13,胜,奇才71-99热火,52.9%,2,7,0,1,24
勒布朗-詹姆斯,12-13,负,步行者87-77热火,50.0%,10,4,1,2,22
勒布朗-詹姆斯,12-13,负,开拓者92-90热火,37.5%,10,9,2,1,15
勒布朗-詹姆斯,12-13,胜,国王99-128热火,70.0%,5,7,5,2,20
勒布朗-詹姆斯,12-13,负,爵士104-97热火,68.4%,4,6,3,2,32
勒布朗-詹姆斯,12-13,胜,勇士75-92热火,55.0%,7,10,1,0,25
勒布朗-詹姆斯,12-13,胜,湖人90-99热火,68.0%,7,8,3,1,39
勒布朗-詹姆斯,12-13,胜,猛龙116-123热火,52.2%,10,11,0,0,31
勒布朗-詹姆斯,12-13,胜,活塞88-110热火,64.3%,7,7,1,0,23
勒布朗-詹姆斯,12-13,负,凯尔特100-98热火,45.2%,16,7,3,1,34
勒布朗-詹姆斯,12-13,胜,篮网85-105热火,55.6%,9,7,2,0,24
勒布朗-詹姆斯,12-13,负,步行者102-89热火,52.9%,6,3,1,1,28
勒布朗-詹姆斯,12-13,胜,猛龙85-100热火,62.5%,8,7,2,0,30
勒布朗-詹姆斯,12-13,胜,山猫94-99热火,92.9%,8,8,2,0,31
勒布朗-詹姆斯,12-13,胜,火箭108-114热火,61.1%,6,5,0,2,32
勒布朗-詹姆斯,12-13,胜,快船89-111热火,81.8%,5,6,0,2,30
勒布朗-詹姆斯,12-13,胜,湖人97-107热火,66.7%,7,4,3,0,32
勒布朗-詹姆斯,12-13,胜,开拓者104-117热火,73.3%,6,9,3,2,30
勒布朗-詹姆斯,12-13,胜,雷霆100-110热火,58.3%,12,7,2,0,39
勒布朗-詹姆斯,12-13,胜,老鹰90-103热火,53.3%,6,11,4,0,24
勒布朗-詹姆斯,12-13,胜,公牛67-86热火,73.3%,12,7,2,0,26
勒布朗-詹姆斯,12-13,胜,76人90-114热火,58.3%,10,11,2,0,16
勒布朗-詹姆斯,12-13,胜,骑士105-109热火,52.6%,3,8,1,0,28
勒布朗-詹姆斯,12-13,胜,国王129-141热火,60.9%,8,16,2,1,40
勒布朗-詹姆斯,12-13,胜,灰熊91-98热火,28.6%,8,10,2,1,18
勒布朗-詹姆斯,12-13,胜,尼克斯93-99热火,52.2%,11,7,3,1,29
勒布朗-詹姆斯,12-13,胜,森林狼81-97热火,56.3%,10,4,3,2,20
勒布朗-詹姆斯,12-13,胜,魔术96-97热火,50.0%,3,2,0,1,26
勒布朗-詹姆斯,12-13,胜,76人93-102热火,58.8%,10,5,1,2,25
勒布朗-詹姆斯,12-13,胜,步行者91-105热火,50.0%,6,7,1,1,13
勒布朗-詹姆斯,12-13,胜,老鹰81-98热火,27.3%,7,7,2,0,15
勒布朗-詹姆斯,12-13,胜,76人94-98热火,42.1%,7,8,2,1,27
勒布朗-詹姆斯,12-13,胜,雄鹿94-107热火,50.0%,10,7,0,1,28
勒布朗-詹姆斯,12-13,胜,猛龙91-108热火,50.0%,12,8,2,0,22
勒布朗-詹姆斯,12-13,胜,凯尔特103-105热火,55.2%,7,12,2,2,37
勒布朗-詹姆斯,12-13,胜,骑士95-98热火,36.4%,12,10,3,2,25
勒布朗-詹姆斯,12-13,胜,活塞89-103热火,80.0%,8,8,2,1,29
勒布朗-詹姆斯,12-13,胜,山猫77-109热火,78.6%,8,10,3,3,32
勒布朗-詹姆斯,12-13,胜,魔术94-108热火,56.3%,9,11,1,0,24
勒布朗-詹姆斯,12-13,负,公牛101-97热火,64.7%,7,3,2,4,32
勒布朗-詹姆斯,12-13,胜,黄蜂89-108热火,65.0%,4,6,2,0,36
勒布朗-詹姆斯,12-13,胜,76人87-106热火,70.6%,4,5,1,0,27
勒布朗-詹姆斯,12-13,胜,雄鹿83-94热火,68.8%,7,7,2,1,28
勒布朗-詹姆斯,12-13,胜,凯尔特101-109热火,80.0%,6,9,0,0,20
勒布朗-詹姆斯,12-13,胜,公牛93-105热火,58.3%,7,6,1,0,24
勒布朗-詹姆斯,13-14,胜,公牛95-107热火,45.5%,6,8,1,0,17
勒布朗-詹姆斯,13-14,负,76人114-110热火,52.9%,4,13,0,0,25
勒布朗-詹姆斯,13-14,负,篮网101-100热火,57.9%,7,6,2,1,26
勒布朗-詹姆斯,13-14,胜,奇才93-103热火,64.3%,3,5,1,0,25
勒布朗-詹姆斯,13-14,胜,猛龙95-104热火,65.0%,8,8,0,1,35
勒布朗-詹姆斯,13-14,胜,快船97-102热火,46.2%,5,6,1,0,18
勒布朗-詹姆斯,13-14,负,凯尔特111-110热火,69.2%,8,10,0,0,25
勒布朗-詹姆斯,13-14,胜,雄鹿95-118热火,61.9%,3,2,0,0,33
勒布朗-詹姆斯,13-14,胜,小牛104-110热火,77.8%,6,4,1,0,39
勒布朗-詹姆斯,13-14,胜,山猫81-97热火,72.2%,4,7,1,1,30
勒布朗-詹姆斯,13-14,胜,老鹰88-104热火,46.2%,6,5,1,0,13
勒布朗-詹姆斯,13-14,胜,魔术92-120热火,45.5%,6,7,1,1,21
勒布朗-詹姆斯,13-14,胜,魔术99-101热火,53.8%,9,7,3,0,22
勒布朗-詹姆斯,13-14,胜,太阳92-107热火,78.6%,5,4,1,1,35
勒布朗-詹姆斯,13-14,胜,骑士84-95热火,47.4%,8,8,3,0,28
勒布朗-詹姆斯,13-14,胜,猛龙83-90热火,58.8%,6,3,1,1,27
勒布朗-詹姆斯,13-14,胜,山猫98-99热火,61.5%,5,4,1,1,26
勒布朗-詹姆斯,13-14,负,活塞107-97热火,53.3%,5,6,2,1,23
勒布朗-詹姆斯,13-14,负,公牛107-87热火,41.2%,5,2,3,0,21
勒布朗-詹姆斯,13-14,胜,森林狼82-103热火,75.0%,14,8,2,0,21
勒布朗-詹姆斯,13-14,胜,活塞95-110热火,66.7%,7,9,2,0,24
勒布朗-詹姆斯,13-14,负,步行者90-84热火,37.5%,14,6,2,0,17
勒布朗-詹姆斯,13-14,胜,骑士107-114热火,75.0%,9,9,4,0,25
勒布朗-詹姆斯,13-14,胜,爵士94-117热火,76.5%,9,9,1,0,30
勒布朗-詹姆斯,13-14,胜,步行者94-97热火,57.1%,9,7,3,0,24
勒布朗-詹姆斯,13-14,胜,国王103-122热火,72.7%,6,8,1,1,18
勒布朗-詹姆斯,13-14,胜,老鹰119-121热火,57.1%,8,6,2,0,38
勒布朗-詹姆斯,13-14,胜,湖人95-101热火,50.0%,8,4,0,0,19
勒布朗-詹姆斯,13-14,负,国王108-103热火,52.2%,8,8,0,0,33
勒布朗-詹姆斯,13-14,胜,掘金94-97热火,53.3%,6,10,0,1,26
勒布朗-詹姆斯,13-14,负,勇士123-114热火,62.5%,5,5,0,1,26
勒布朗-詹姆斯,13-14,胜,魔术94-110热火,38.5%,8,8,1,0,15
勒布朗-詹姆斯,13-14,胜,猛龙97-102热火,66.7%,4,5,1,0,30
勒布朗-詹姆斯,13-14,胜,鹈鹕88-107热火,59.1%,3,5,2,0,32
勒布朗-詹姆斯,13-14,负,尼克斯102-92热火,70.6%,5,6,1,1,32
勒布朗-詹姆斯,13-14,负,篮网104-95热火,57.1%,7,5,0,0,36
勒布朗-詹姆斯,13-14,负,奇才114-97热火,44.4%,8,7,2,0,25
勒布朗-詹姆斯,13-14,胜,76人86-101热火,53.8%,8,10,2,1,21
勒布朗-詹姆斯,13-14,胜,山猫96-104热火,52.0%,8,6,1,0,34
勒布朗-詹姆斯,13-14,负,老鹰121-114热火,52.4%,4,6,1,0,30
勒布朗-詹姆斯,13-14,胜,凯尔特86-93热火,52.6%,8,4,2,0,29
勒布朗-詹姆斯,13-14,胜,湖人102-109热火,60.0%,13,6,1,0,27
勒布朗-詹姆斯,13-14,胜,马刺101-113热火,53.3%,7,6,1,0,18
勒布朗-詹姆斯,13-14,负,雷霆112-95热火,60.0%,3,3,0,0,34
勒布朗-詹姆斯,13-14,胜,尼克斯91-106热火,59.1%,8,7,6,0,30
勒布朗-詹姆斯,13-14,胜,活塞96-102热火,47.4%,8,11,2,2,24
勒布朗-詹姆斯,13-14,胜,快船112-116热火,55.0%,8,12,3,1,31
勒布朗-詹姆斯,13-14,负,爵士94-89热火,30.8%,7,5,0,0,13
勒布朗-詹姆斯,13-14,胜,太阳97-103热火,54.5%,9,3,5,0,37
勒布朗-詹姆斯,13-14,胜,勇士110-111热火,53.8%,13,9,2,0,36
勒布朗-詹姆斯,13-14,胜,小牛106-117热火,69.6%,9,6,2,0,42
勒布朗-詹姆斯,13-14,胜,雷霆81-103热火,68.2%,7,3,4,0,33
勒布朗-詹姆斯,13-14,胜,尼克斯82-108热火,68.4%,4,4,0,0,31
勒布朗-詹姆斯,13-14,胜,魔术98-112热火,66.7%,9,7,4,0,20
勒布朗-詹姆斯,13-14,胜,山猫107-124热火,66.7%,7,4,0,0,61
勒布朗-詹姆斯,13-14,负,火箭106-103热火,50.0%,1,6,3,0,22
勒布朗-詹姆斯,13-14,负,马刺111-87热火,33.3%,8,7,2,0,19
勒布朗-詹姆斯,13-14,负,公牛95-88热火,34.8%,9,8,3,1,17
勒布朗-詹姆斯,13-14,胜,奇才90-99热火,66.7%,7,8,3,0,23
勒布朗-詹姆斯,13-14,负,篮网96-95热火,46.2%,5,7,3,0,19
勒布朗-詹姆斯,13-14,负,掘金111-107热火,47.1%,6,6,1,0,21
勒布朗-詹姆斯,13-14,胜,火箭104-113热火,47.1%,5,6,2,0,24
勒布朗-詹姆斯,13-14,胜,骑士96-100热火,73.7%,6,4,2,3,43
勒布朗-詹姆斯,13-14,胜,灰熊86-91热火,50.0%,6,7,2,1,15
勒布朗-詹姆斯,13-14,负,鹈鹕105-95热火,55.6%,8,9,0,1,25
勒布朗-詹姆斯,13-14,胜,开拓者91-93热火,56.5%,6,5,4,0,32
勒布朗-詹姆斯,13-14,负,步行者84-83热火,57.9%,8,5,0,0,38
勒布朗-詹姆斯,13-14,胜,活塞78-110热火,53.8%,10,12,1,0,17
勒布朗-詹姆斯,13-14,胜,雄鹿67-88热火,50.0%,7,2,0,0,13
勒布朗-詹姆斯,13-14,胜,猛龙83-93热火,55.0%,7,8,1,0,32
勒布朗-詹姆斯,13-14,胜,雄鹿77-96热火,58.3%,4,8,1,1,17
勒布朗-詹姆斯,13-14,负,森林狼122-121热火,50.0%,8,5,4,1,34
勒布朗-詹姆斯,13-14,胜,尼克斯91-102热火,59.1%,5,6,1,0,38
勒布朗-詹姆斯,13-14,负,篮网88-87热火,56.3%,10,6,2,0,29
勒布朗-詹姆斯,13-14,负,灰熊107-102热火,60.9%,6,5,2,0,37
勒布朗-詹姆斯,13-14,胜,步行者86-98热火,55.0%,6,1,1,1,36
勒布朗-詹姆斯,13-14,负,老鹰98-85热火,45.5%,8,5,0,1,27
勒布朗-詹姆斯,14-15,负,尼克斯95-90骑士,33.3%,5,4,0,0,17
勒布朗-詹姆斯,14-15,胜,公牛108-114骑士,46.7%,8,5,4,1,36
勒布朗-詹姆斯,14-15,负,开拓者101-82骑士,33.3%,7,7,1,0,11
勒布朗-詹姆斯,14-15,负,爵士102-100骑士,44.4%,3,4,3,0,31
勒布朗-詹姆斯,14-15,胜,掘金101-110骑士,44.4%,7,11,1,1,22
勒布朗-詹姆斯,14-15,胜,鹈鹕111-118骑士,52.9%,11,9,1,1,32
勒布朗-詹姆斯,14-15,胜,凯尔特121-122骑士,59.3%,4,7,0,1,41
勒布朗-詹姆斯,14-15,胜,老鹰94-127骑士,65.0%,6,7,0,1,32
勒布朗-詹姆斯,14-15,负,掘金106-97骑士,44.4%,9,5,0,2,22
勒布朗-詹姆斯,14-15,负,马刺92-90骑士,35.3%,6,9,1,1,15
勒布朗-詹姆斯,14-15,负,奇才91-78骑士,38.1%,4,4,1,1,22
勒布朗-詹姆斯,14-15,负,猛龙110-93骑士,50.0%,1,10,1,1,15
勒布朗-詹姆斯,14-15,胜,魔术74-106骑士,52.9%,4,11,3,0,29
勒布朗-詹姆斯,14-15,胜,奇才87-113骑士,50.0%,10,8,3,0,29
勒布朗-詹姆斯,14-15,胜,步行者97-109骑士,50.0%,2,7,1,0,19
勒布朗-詹姆斯,14-15,胜,雄鹿108-111骑士,40.0%,5,10,0,0,26
勒布朗-詹姆斯,14-15,胜,尼克斯87-90骑士,41.2%,5,12,2,0,19
勒布朗-詹姆斯,14-15,胜,猛龙91-105骑士,50.0%,7,13,3,1,24
勒布朗-詹姆斯,14-15,胜,篮网88-110骑士,47.1%,4,7,3,0,18
勒布朗-詹姆斯,14-15,胜,猛龙101-105骑士,57.1%,2,4,2,2,35
勒布朗-詹姆斯,14-15,负,鹈鹕119-114骑士,70.8%,5,5,0,1,41
勒布朗-詹姆斯,14-15,胜,黄蜂88-97骑士,57.9%,7,14,1,3,27
勒布朗-詹姆斯,14-15,负,老鹰127-98骑士,50.0%,3,2,2,0,21
勒布朗-詹姆斯,14-15,胜,篮网91-95骑士,38.9%,4,9,2,0,22
勒布朗-詹姆斯,14-15,胜,灰熊91-105骑士,60.0%,1,11,0,1,25
勒布朗-詹姆斯,14-15,胜,森林狼104-125骑士,50.0%,4,3,1,3,24
勒布朗-詹姆斯,14-15,负,热火101-91骑士,56.3%,4,8,0,0,30
勒布朗-詹姆斯,14-15,胜,魔术89-98骑士,50.0%,5,8,2,2,29
勒布朗-詹姆斯,14-15,负,活塞103-80骑士,26.3%,10,7,1,0,17
勒布朗-詹姆斯,14-15,负,太阳107-100骑士,61.1%,7,5,1,0,33
勒布朗-詹姆斯,14-15,胜,湖人102-109骑士,52.2%,4,5,2,0,36
勒布朗-詹姆斯,14-15,胜,快船121-126骑士,47.8%,11,7,3,0,32
勒布朗-詹姆斯,14-15,胜,公牛94-108骑士,52.2%,5,4,0,0,26
勒布朗-詹姆斯,14-15,胜,爵士92-106骑士,50.0%,7,9,4,0,26
勒布朗-詹姆斯,14-15,胜,黄蜂90-129骑士,60.0%,6,9,4,1,25
勒布朗-詹姆斯,14-15,胜,雷霆98-108骑士,44.0%,7,5,1,2,34
勒布朗-詹姆斯,14-15,胜,活塞95-103骑士,45.8%,6,7,1,0,32
勒布朗-詹姆斯,14-15,胜,国王90-101骑士,43.8%,3,7,4,2,19
勒布朗-詹姆斯,14-15,胜,森林狼90-106骑士,56.0%,6,5,0,1,36
勒布朗-詹姆斯,14-15,胜,76人84-97骑士,35.3%,3,11,2,0,18
勒布朗-詹姆斯,14-15,胜,快船94-105骑士,57.1%,3,9,1,0,23
勒布朗-詹姆斯,14-15,负,步行者103-99骑士,47.6%,6,5,2,1,25
勒布朗-詹姆斯,14-15,胜,湖人105-120骑士,50.0%,10,8,1,0,22
勒布朗-詹姆斯,14-15,胜,热火93-113骑士,37.5%,9,7,1,0,18
勒布朗-詹姆斯,14-15,负,公牛113-98骑士,46.2%,5,4,0,0,31
勒布朗-詹姆斯,14-15,胜,奇才89-127骑士,57.1%,5,6,1,0,28
勒布朗-詹姆斯,14-15,胜,尼克斯83-101骑士,41.2%,7,7,2,0,18
勒布朗-詹姆斯,14-15,胜,活塞93-102骑士,42.9%,7,11,3,1,19
勒布朗-詹姆斯,14-15,胜,勇士99-110骑士,60.0%,11,5,3,1,42
勒布朗-詹姆斯,14-15,负,火箭105-103骑士,42.9%,8,4,3,3,37
勒布朗-詹姆斯,14-15,胜,凯尔特79-110骑士,52.2%,3,5,3,1,27
勒布朗-詹姆斯,14-15,胜,猛龙112-120骑士,56.3%,6,14,0,0,29
勒布朗-詹姆斯,14-15,负,老鹰106-97骑士,38.5%,6,8,2,1,18
勒布朗-詹姆斯,14-15,胜,太阳79-89骑士,37.5%,6,8,1,0,17
勒布朗-詹姆斯,14-15,胜,小牛94-127骑士,71.4%,7,8,1,1,27
勒布朗-詹姆斯,14-15,胜,马刺125-128骑士,50.0%,5,7,2,1,31
勒布朗-詹姆斯,14-15,胜,魔术108-123骑士,64.3%,8,13,3,1,21
勒布朗-詹姆斯,14-15,负,热火106-92骑士,42.1%,2,4,0,0,26
勒布朗-詹姆斯,14-15,胜,篮网92-117骑士,38.5%,3,7,1,0,16
勒布朗-詹姆斯,14-15,胜,步行者92-95骑士,50.0%,7,5,0,0,29
勒布朗-詹姆斯,14-15,胜,雄鹿90-108骑士,58.8%,10,6,5,1,28
勒布朗-詹姆斯,14-15,胜,灰熊89-111骑士,46.7%,8,5,0,0,20
勒布朗-詹姆斯,14-15,负,篮网106-98骑士,53.3%,5,9,5,1,24
勒布朗-詹姆斯,14-15,胜,76人86-87骑士,33.3%,11,6,0,1,20
勒布朗-詹姆斯,14-15,胜,热火88-114骑士,56.3%,8,7,1,3,23
勒布朗-詹姆斯,14-15,胜,公牛94-99骑士,47.1%,10,12,3,1,20
勒布朗-詹姆斯,14-15,胜,雄鹿99-104骑士,53.3%,9,8,1,1,21
勒布朗-詹姆斯,14-15,负,凯尔特99-90骑士,35.7%,3,7,1,0,14
勒布朗-詹姆斯,14-15,胜,活塞97-109骑士,41.2%,10,11,2,1,21
勒布朗-詹姆斯,15-16,负,公牛97-95骑士,54.5%,10,5,1,0,25
勒布朗-詹姆斯,15-16,胜,灰熊76-106骑士,30.8%,7,5,3,0,12
勒布朗-詹姆斯,15-16,胜,热火92-102骑士,68.4%,5,4,1,0,29
勒布朗-詹姆斯,15-16,胜,76人100-107骑士,47.4%,9,11,4,2,22
勒布朗-詹姆斯,15-16,胜,尼克斯86-96骑士,39.1%,5,3,4,1,23
勒布朗-詹姆斯,15-16,胜,76人102-108骑士,54.5%,4,13,2,0,31
勒布朗-詹姆斯,15-16,胜,步行者97-101骑士,43.5%,6,4,0,0,29
勒布朗-詹姆斯,15-16,胜,爵士114-118骑士,57.9%,7,8,2,0,31
勒布朗-詹姆斯,15-16,胜,尼克斯84-90骑士,57.1%,3,6,2,1,31
勒布朗-詹姆斯,15-16,负,雄鹿108-105骑士,48.1%,12,5,1,3,37
勒布朗-詹姆斯,15-16,负,活塞104-99骑士,52.4%,6,3,0,0,30
勒布朗-詹姆斯,15-16,胜,雄鹿100-115骑士,69.2%,9,6,0,0,27
勒布朗-詹姆斯,15-16,胜,老鹰97-109骑士,53.3%,11,8,0,2,19
勒布朗-詹姆斯,15-16,胜,魔术103-117骑士,50.0%,6,13,1,0,15
勒布朗-詹姆斯,15-16,负,猛龙103-99骑士,37.5%,6,8,0,0,24
勒布朗-詹姆斯,15-16,胜,黄蜂90-95骑士,40.0%,13,5,0,0,25
勒布朗-詹姆斯,15-16,胜,篮网88-90骑士,45.5%,9,5,1,0,26
勒布朗-詹姆斯,15-16,负,奇才97-85骑士,40.0%,13,4,1,1,24
勒布朗-詹姆斯,15-16,负,鹈鹕114-108骑士,44.8%,7,8,1,1,37
勒布朗-詹姆斯,15-16,胜,开拓者100-105骑士,58.3%,10,3,2,3,33
勒布朗-詹姆斯,15-16,胜,魔术76-111骑士,66.7%,3,8,4,0,25
勒布朗-詹姆斯,15-16,胜,凯尔特77-89骑士,50.0%,7,3,2,1,24
勒布朗-詹姆斯,15-16,胜,雷霆100-104骑士,44.4%,9,11,2,0,33
勒布朗-詹姆斯,15-16,胜,76人86-108骑士,58.8%,5,4,3,1,23
勒布朗-詹姆斯,15-16,胜,尼克斯84-91骑士,40.9%,9,5,0,0,24
勒布朗-詹姆斯,15-16,负,勇士89-83骑士,38.5%,9,2,1,2,25
勒布朗-詹姆斯,15-16,负,开拓者105-76骑士,30.8%,4,5,0,0,12
勒布朗-詹姆斯,15-16,胜,太阳97-101骑士,40.0%,4,7,2,1,14
勒布朗-詹姆斯,15-16,胜,掘金87-93骑士,54.2%,6,2,2,1,34
勒布朗-詹姆斯,15-16,胜,魔术79-104骑士,61.1%,5,3,2,0,29
勒布朗-詹姆斯,15-16,胜,猛龙100-122骑士,63.6%,2,7,3,0,20
勒布朗-詹姆斯,15-16,胜,奇才115-121骑士,54.5%,10,4,1,1,34
勒布朗-詹姆斯,15-16,胜,森林狼99-125骑士,41.7%,12,8,1,2,13
勒布朗-詹姆斯,15-16,胜,76人85-95骑士,68.2%,7,9,2,0,37
勒布朗-詹姆斯,15-16,胜,小牛107-110骑士,52.9%,10,7,2,0,27
勒布朗-詹姆斯,15-16,负,马刺99-95骑士,52.9%,7,5,0,0,22
勒布朗-詹姆斯,15-16,胜,火箭77-91骑士,50.0%,7,7,0,2,19
勒布朗-詹姆斯,15-16,负,勇士132-98骑士,43.8%,5,5,1,1,16
勒布朗-詹姆斯,15-16,胜,篮网78-91骑士,58.3%,1,5,1,1,17
勒布朗-詹姆斯,15-16,胜,快船102-115骑士,52.9%,5,12,0,0,22
勒布朗-詹姆斯,15-16,负,公牛96-83骑士,40.7%,13,9,2,1,26
勒布朗-詹姆斯,15-16,胜,森林狼107-114骑士,73.3%,4,9,1,1,25
勒布朗-詹姆斯,15-16,胜,太阳93-115骑士,87.5%,3,9,0,0,21
勒布朗-詹姆斯,15-16,胜,活塞106-114骑士,43.8%,9,8,1,0,20
勒布朗-詹姆斯,15-16,胜,马刺103-117骑士,58.8%,5,7,2,2,29
勒布朗-詹姆斯,15-16,胜,步行者106-111骑士,40.9%,12,6,2,1,24
勒布朗-詹姆斯,15-16,负,黄蜂106-97骑士,47.6%,6,6,1,2,23
勒布朗-詹姆斯,15-16,负,凯尔特104-103骑士,39.1%,7,4,2,1,30
勒布朗-詹姆斯,15-16,胜,鹈鹕84-99骑士,55.0%,3,8,1,0,27
勒布朗-詹姆斯,15-16,胜,国王100-120骑士,50.0%,10,10,2,1,21
勒布朗-詹姆斯,15-16,胜,湖人111-120骑士,54.5%,7,11,1,0,29
勒布朗-詹姆斯,15-16,胜,公牛95-106骑士,57.9%,9,9,0,1,25
勒布朗-詹姆斯,15-16,胜,雷霆92-115骑士,50.0%,7,11,3,0,25
勒布朗-詹姆斯,15-16,负,活塞96-88骑士,27.8%,8,5,3,0,12
勒布朗-詹姆斯,15-16,胜,黄蜂103-114骑士,61.5%,7,7,2,0,23
勒布朗-詹姆斯,15-16,负,猛龙99-97骑士,50.0%,8,7,1,0,25
勒布朗-詹姆斯,15-16,胜,步行者96-100骑士,63.6%,5,4,2,0,33
勒布朗-詹姆斯,15-16,胜,奇才83-108骑士,38.9%,13,8,3,0,19
勒布朗-詹姆斯,15-16,胜,凯尔特103-120骑士,55.0%,11,8,2,1,28
勒布朗-詹姆斯,15-16,负,灰熊106-103骑士,57.9%,9,5,1,0,28
勒布朗-詹姆斯,15-16,胜,国王111-120骑士,42.1%,11,6,0,0,25
勒布朗-詹姆斯,15-16,胜,湖人108-120骑士,50.0%,5,7,0,2,24
勒布朗-詹姆斯,15-16,胜,快船90-114骑士,60.0%,6,5,1,0,27
勒布朗-詹姆斯,15-16,负,爵士94-85骑士,50.0%,12,3,1,0,23
勒布朗-詹姆斯,15-16,胜,魔术103-109骑士,40.0%,7,8,1,1,18
勒布朗-詹姆斯,15-16,负,热火122-101骑士,65.0%,3,3,1,0,26
勒布朗-詹姆斯,15-16,胜,掘金91-124骑士,63.2%,11,11,0,0,33
勒布朗-詹姆斯,15-16,胜,雄鹿104-113骑士,40.9%,6,8,2,1,26
勒布朗-詹姆斯,15-16,负,篮网104-95骑士,81.3%,6,5,1,0,30
勒布朗-詹姆斯,15-16,胜,尼克斯93-107骑士,47.6%,11,11,1,2,27
勒布朗-詹姆斯,15-16,胜,篮网87-107骑士,72.7%,4,11,2,1,24
勒布朗-詹姆斯,15-16,胜,老鹰108-110骑士,46.2%,16,9,3,1,29
勒布朗-詹姆斯,15-16,胜,黄蜂103-112骑士,63.6%,8,12,2,0,31
勒布朗-詹姆斯,15-16,胜,雄鹿80-109骑士,77.8%,5,9,0,1,17
勒布朗-詹姆斯,15-16,负,公牛105-102骑士,76.5%,7,3,0,1,33
勒布朗-詹姆斯,15-16,胜,老鹰94-109骑士,81.3%,6,6,2,1,34
勒布朗-詹姆斯,16-17,胜,尼克斯88-117骑士,64.3%,11,14,0,1,19
勒布朗-詹姆斯,16-17,胜,猛龙91-94骑士,43.8%,8,7,0,0,21
勒布朗-詹姆斯,16-17,胜,魔术99-105骑士,43.8%,6,9,1,1,23
勒布朗-詹姆斯,16-17,胜,火箭120-128骑士,50.0%,13,8,0,0,19
勒布朗-詹姆斯,16-17,胜,凯尔特122-128骑士,54.5%,7,12,1,0,30
勒布朗-詹姆斯,16-17,胜,76人101-102骑士,39.1%,8,14,2,1,25
勒布朗-詹姆斯,16-17,负,老鹰110-106骑士,47.1%,9,5,3,0,23
勒布朗-詹姆斯,16-17,胜,奇才94-105骑士,50.0%,10,5,2,2,27
勒布朗-詹姆斯,16-17,胜,黄蜂93-100骑士,38.1%,8,8,1,1,19
勒布朗-詹姆斯,16-17,胜,猛龙117-121骑士,66.7%,9,15,1,0,28
勒布朗-詹姆斯,16-17,胜,活塞81-104骑士,64.3%,3,3,0,1,21
勒布朗-詹姆斯,16-17,胜,开拓者125-137骑士,52.4%,10,13,3,0,31
勒布朗-詹姆斯,16-17,胜,小牛90-128骑士,46.2%,5,11,1,0,19
勒布朗-詹姆斯,16-17,胜,76人108-112骑士,47.4%,10,13,1,0,26
勒布朗-詹姆斯,16-17,负,雄鹿118-101骑士,50.0%,4,4,0,0,22
勒布朗-詹姆斯,16-17,负,快船113-94骑士,35.7%,5,5,2,0,16
勒布朗-詹姆斯,16-17,负,公牛111-105骑士,59.1%,5,13,0,0,27
勒布朗-詹姆斯,16-17,胜,猛龙112-116骑士,46.2%,8,7,2,0,34
勒布朗-詹姆斯,16-17,胜,尼克斯94-126骑士,70.0%,6,7,1,2,25
勒布朗-詹姆斯,16-17,胜,热火84-114骑士,54.5%,8,8,3,0,27
勒布朗-詹姆斯,16-17,胜,黄蜂105-116骑士,70.8%,9,10,3,1,44
勒布朗-詹姆斯,16-17,胜,灰熊86-103骑士,52.9%,6,8,3,0,23
勒布朗-詹姆斯,16-17,胜,湖人108-119骑士,50.0%,7,9,2,2,26
勒布朗-詹姆斯,16-17,胜,雄鹿108-114骑士,48.0%,12,7,1,1,34
勒布朗-詹姆斯,16-17,胜,雄鹿102-113骑士,50.0%,9,6,0,0,29
勒布朗-詹姆斯,16-17,胜,篮网99-119骑士,43.8%,4,6,3,0,19
勒布朗-詹姆斯,16-17,胜,勇士108-109骑士,54.5%,13,4,2,1,31
勒布朗-詹姆斯,16-17,胜,凯尔特118-124骑士,50.0%,8,11,1,3,23
勒布朗-詹姆斯,16-17,胜,黄蜂109-121骑士,48.0%,6,9,1,0,32
勒布朗-詹姆斯,16-17,胜,鹈鹕82-90骑士,42.9%,7,6,2,1,26
勒布朗-詹姆斯,16-17,负,公牛106-94骑士,57.1%,8,7,1,0,31
勒布朗-詹姆斯,16-17,胜,篮网108-116骑士,70.0%,9,6,3,0,36
勒布朗-詹姆斯,16-17,胜,太阳116-120骑士,64.7%,8,4,1,0,28
勒布朗-詹姆斯,16-17,负,爵士100-92骑士,50.0%,6,5,4,0,29
勒布朗-詹姆斯,16-17,负,开拓者102-86骑士,41.7%,11,4,1,1,20
勒布朗-詹姆斯,16-17,胜,国王108-120骑士,50.0%,2,15,1,1,16
勒布朗-詹姆斯,16-17,负,勇士126-91骑士,33.3%,8,2,1,0,20
勒布朗-詹姆斯,16-17,胜,太阳103-118骑士,66.7%,9,15,1,2,21
勒布朗-詹姆斯,16-17,负,马刺118-115骑士,68.8%,6,7,2,0,29
勒布朗-詹姆斯,16-17,负,鹈鹕124-122骑士,52.4%,10,12,2,0,26
勒布朗-詹姆斯,16-17,负,国王116-112骑士,53.3%,13,11,2,1,24
勒布朗-詹姆斯,16-17,胜,篮网116-124骑士,72.2%,5,11,0,0,31
勒布朗-詹姆斯,16-17,胜,雷霆91-107骑士,50.0%,14,8,1,0,25
勒布朗-詹姆斯,16-17,负,小牛104-97骑士,47.4%,9,9,2,0,23
勒布朗-詹姆斯,16-17,胜,森林狼97-125骑士,78.6%,8,12,2,1,27
勒布朗-詹姆斯,16-17,胜,尼克斯104-111骑士,60.0%,5,10,0,0,32
勒布朗-詹姆斯,16-17,胜,奇才135-140骑士,66.7%,7,17,2,2,32
勒布朗-詹姆斯,16-17,胜,步行者117-132骑士,56.3%,6,9,1,1,25
勒布朗-詹姆斯,16-17,负,雷霆118-109骑士,42.1%,5,7,2,2,18
勒布朗-詹姆斯,16-17,胜,掘金109-125骑士,68.8%,5,12,2,0,27
勒布朗-詹姆斯,16-17,胜,森林狼108-116骑士,71.4%,8,14,0,0,25
勒布朗-詹姆斯,16-17,胜,步行者104-113骑士,70.6%,5,4,1,0,31
勒布朗-詹姆斯,16-17,胜,尼克斯104-119骑士,63.6%,13,15,0,3,18
勒布朗-詹姆斯,16-17,胜,雄鹿95-102骑士,66.7%,10,6,0,0,24
勒布朗-詹姆斯,16-17,负,凯尔特103-99骑士,47.6%,13,10,1,1,28
勒布朗-詹姆斯,16-17,胜,老鹰130-135骑士,51.9%,13,8,0,0,38
勒布朗-詹姆斯,16-17,负,热火106-98骑士,50.0%,17,6,1,1,30
勒布朗-詹姆斯,16-17,负,活塞106-101骑士,54.5%,14,10,1,0,29
勒布朗-詹姆斯,16-17,胜,魔术104-116骑士,57.1%,12,12,0,1,24
勒布朗-詹姆斯,16-17,负,火箭117-112骑士,60.0%,7,5,2,0,30
勒布朗-詹姆斯,16-17,胜,活塞96-128骑士,50.0%,11,12,0,0,16
勒布朗-詹姆斯,16-17,胜,爵士83-91骑士,65.0%,10,6,2,1,33
勒布朗-詹姆斯,16-17,胜,湖人120-125骑士,59.1%,6,7,1,0,34
勒布朗-詹姆斯,16-17,负,掘金126-113骑士,66.7%,6,5,0,0,18
勒布朗-詹姆斯,16-17,胜,黄蜂105-112骑士,64.3%,9,11,1,2,32
勒布朗-詹姆斯,16-17,负,奇才127-115骑士,47.6%,11,8,0,1,24
勒布朗-詹姆斯,16-17,负,马刺103-74骑士,41.2%,8,8,0,0,17
勒布朗-詹姆斯,16-17,负,公牛99-93骑士,55.0%,10,8,1,1,26
勒布朗-詹姆斯,16-17,胜,76人105-122骑士,63.6%,9,6,0,0,34
勒布朗-詹姆斯,16-17,胜,步行者130-135骑士,55.2%,14,11,2,1,41
勒布朗-詹姆斯,16-17,胜,魔术102-122骑士,50.0%,11,11,2,1,18
勒布朗-詹姆斯,16-17,胜,凯尔特91-114骑士,63.6%,10,6,1,2,36
勒布朗-詹姆斯,16-17,负,老鹰114-100骑士,80.0%,8,7,2,0,27
勒布朗-詹姆斯,16-17,负,老鹰126-125骑士,52.4%,16,10,1,0,32
勒布朗-詹姆斯,17-18,胜,凯尔特99-102骑士,63.2%,16,9,0,2,29
勒布朗-詹姆斯,17-18,胜,雄鹿97-116骑士,62.5%,5,8,1,1,24
勒布朗-詹姆斯,17-18,负,魔术114-93骑士,53.3%,4,2,1,1,22
勒布朗-詹姆斯,17-18,胜,公牛112-119骑士,65.0%,2,13,3,0,34
勒布朗-詹姆斯,17-18,负,篮网112-107骑士,60.0%,10,13,0,4,29
勒布朗-詹姆斯,17-18,负,鹈鹕123-101骑士,54.5%,3,8,0,0,18
勒布朗-詹姆斯,17-18,负,尼克斯114-95骑士,46.7%,10,7,2,0,16
勒布朗-詹姆斯,17-18,负,步行者124-107骑士,63.6%,6,11,2,1,33
勒布朗-詹姆斯,17-18,胜,奇才122-130骑士,67.6%,11,7,3,2,57
勒布朗-詹姆斯,17-18,负,老鹰117-115骑士,58.8%,5,13,1,2,26
勒布朗-詹姆斯,17-18,胜,雄鹿119-124骑士,50.0%,8,9,3,0,30
勒布朗-詹姆斯,17-18,负,火箭117-113骑士,62.5%,4,7,1,1,33
勒布朗-詹姆斯,17-18,胜,独行侠104-111骑士,42.9%,11,4,0,1,19
勒布朗-詹姆斯,17-18,胜,尼克斯101-104骑士,50.0%,9,12,0,3,23
勒布朗-詹姆斯,17-18,胜,黄蜂107-115骑士,50.0%,6,8,2,1,31
勒布朗-詹姆斯,17-18,胜,快船113-118骑士,65.4%,14,6,0,0,39
勒布朗-詹姆斯,17-18,胜,活塞88-116骑士,50.0%,2,8,1,1,18
勒布朗-詹姆斯,17-18,胜,篮网109-119骑士,64.7%,6,5,2,0,33
勒布朗-詹姆斯,17-18,胜,黄蜂99-100骑士,50.0%,16,13,0,3,27
勒布朗-詹姆斯,17-18,胜, 76人91-113骑士,52.2%,14,6,0,0,30
勒布朗-詹姆斯,17-18,胜,热火97-108骑士,62.5%,12,6,5,1,21
勒布朗-詹姆斯,17-18,胜,老鹰114-121骑士,72.7%,6,12,2,2,24
勒布朗-詹姆斯,17-18,胜,灰熊111-116骑士,59.1%,2,12,0,1,34
勒布朗-詹姆斯,17-18,胜,公牛91-113骑士,60.0%,7,6,2,0,23
勒布朗-詹姆斯,17-18,胜,国王95-101骑士,66.7%,11,9,3,2,32
勒布朗-詹姆斯,17-18,负,步行者106-102骑士,54.5%,10,8,1,2,29
勒布朗-詹姆斯,17-18,胜, 76人98-105骑士,39.1%,13,13,3,0,30
勒布朗-詹姆斯,17-18,胜,老鹰114-123骑士,84.6%,7,17,2,0,25
勒布朗-詹姆斯,17-18,胜,湖人112-121骑士,44.4%,12,12,2,2,25
勒布朗-詹姆斯,17-18,胜,爵士100-109骑士,60.0%,11,10,1,0,29
勒布朗-詹姆斯,17-18,胜,奇才99-106骑士,34.8%,11,15,0,1,20
勒布朗-詹姆斯,17-18,负,雄鹿119-116骑士,63.6%,1,7,3,2,39
勒布朗-詹姆斯,17-18,胜,公牛112-115骑士,52.2%,6,9,3,0,34
勒布朗-詹姆斯,17-18,负,勇士99-92骑士,38.9%,6,6,0,0,20
勒布朗-詹姆斯,17-18,负,国王109-95骑士,35.3%,10,14,5,0,16
勒布朗-詹姆斯,17-18,负,爵士104-101骑士,54.5%,8,6,2,1,29
勒布朗-詹姆斯,17-18,胜,开拓者110-127骑士,58.8%,6,8,4,1,24
勒布朗-詹姆斯,17-18,负,凯尔特102-88骑士,53.3%,7,6,1,1,19
勒布朗-詹姆斯,17-18,胜,魔术127-131骑士,52.2%,10,9,6,1,33
勒布朗-詹姆斯,17-18,负,森林狼127-99骑士,50.0%,8,5,0,2,10
勒布朗-詹姆斯,17-18,负,猛龙133-99骑士,56.3%,3,1,1,2,26
勒布朗-詹姆斯,17-18,负,步行者97-95骑士,44.0%,8,11,3,1,27
勒布朗-詹姆斯,17-18,负,勇士118-108骑士,66.7%,8,6,3,4,32
勒布朗-詹姆斯,17-18,胜,魔术103-104骑士,43.8%,5,6,1,0,16
勒布朗-詹姆斯,17-18,负,雷霆148-124骑士,47.1%,3,7,0,1,18
勒布朗-詹姆斯,17-18,负,马刺114-102骑士,43.5%,9,7,0,1,28
勒布朗-詹姆斯,17-18,胜,步行者108-115骑士,64.7%,10,11,4,1,26
勒布朗-詹姆斯,17-18,胜,活塞104-121骑士,53.3%,8,14,1,0,25
勒布朗-詹姆斯,17-18,负,活塞125-114骑士,45.0%,6,7,0,1,21
勒布朗-詹姆斯,17-18,胜,热火89-91骑士,38.1%,11,5,1,0,24
勒布朗-詹姆斯,17-18,负,火箭120-88骑士,30.0%,9,9,2,1,11
勒布朗-詹姆斯,17-18,负,魔术116-98骑士,58.8%,10,5,1,0,25
勒布朗-詹姆斯,17-18,胜,森林狼138-140骑士,72.7%,10,15,1,1,37
勒布朗-詹姆斯,17-18,胜,老鹰107-123骑士,40.0%,12,19,0,0,22
勒布朗-詹姆斯,17-18,胜,凯尔特99-121骑士,45.0%,8,10,1,1,24
勒布朗-詹姆斯,17-18,胜,雷霆112-120骑士,60.9%,8,8,0,1,37
勒布朗-詹姆斯,17-18,负,奇才110-103骑士,72.2%,9,8,2,0,32
勒布朗-詹姆斯,17-18,胜,灰熊89-112骑士,43.8%,14,11,1,0,18
勒布朗-詹姆斯,17-18,负,马刺110-94骑士,56.0%,13,9,1,0,33
勒布朗-詹姆斯,17-18,胜,篮网123-129骑士,52.0%,12,11,1,0,31
勒布朗-詹姆斯,17-18,负, 76人108-97骑士,50.0%,9,8,1,0,30
勒布朗-詹姆斯,17-18,负,掘金126-117骑士,42.1%,10,15,2,0,25
勒布朗-詹姆斯,17-18,胜,活塞90-112骑士,64.7%,7,7,1,0,31
勒布朗-詹姆斯,17-18,胜,掘金108-113骑士,60.0%,8,10,1,0,39
勒布朗-詹姆斯,17-18,负,快船116-102骑士,55.0%,10,6,2,3,25
勒布朗-詹姆斯,17-18,负,湖人127-113骑士,45.0%,10,7,1,1,24
勒布朗-詹姆斯,17-18,胜,太阳107-129骑士,50.0%,12,11,3,2,28
勒布朗-詹姆斯,17-18,负,开拓者113-105骑士,60.0%,14,6,2,3,35
勒布朗-詹姆斯,17-18,胜,公牛109-114骑士,57.7%,13,12,1,2,33
勒布朗-詹姆斯,17-18,胜,雄鹿117-124骑士,55.2%,12,10,2,1,40
勒布朗-詹姆斯,17-18,胜,猛龙129-132骑士,57.9%,7,17,1,0,35
勒布朗-詹姆斯,17-18,胜,太阳95-120骑士,68.8%,6,9,1,1,27
勒布朗-詹姆斯,17-18,胜,篮网114-121骑士,73.7%,10,8,1,0,37
勒布朗-詹姆斯,17-18,负,热火98-79骑士,38.9%,6,7,0,0,18
勒布朗-詹姆斯,17-18,胜,黄蜂105-118骑士,53.8%,10,8,1,0,41
勒布朗-詹姆斯,17-18,胜,鹈鹕102-107骑士,50.0%,9,11,1,0,27
勒布朗-詹姆斯,17-18,胜,独行侠87-98骑士,23.8%,13,12,0,0,16
勒布朗-詹姆斯,17-18,胜,猛龙106-112骑士,57.1%,10,6,0,0,27
勒布朗-詹姆斯,17-18,胜,奇才115-119骑士,60.0%,9,14,0,0,33
勒布朗-詹姆斯,17-18,负, 76人132-130骑士,58.6%,11,11,2,1,44
勒布朗-詹姆斯,17-18,胜,尼克斯109-123骑士,43.8%,6,11,1,0,26
勒布朗-詹姆斯,17-18,负,尼克斯110-98骑士,44.4%,5,2,1,0,10
勒布朗-詹姆斯,18-19,负,开拓者128-119湖人,56.3%,12,6,1,0,26
勒布朗-詹姆斯,18-19,负,火箭124-115湖人,40.9%,5,5,2,1,24
勒布朗-詹姆斯,18-19,负,马刺143-142湖人,44.0%,8,14,1,1,32
勒布朗-詹姆斯,18-19,胜,太阳113-131湖人,43.8%,7,10,3,0,19
勒布朗-詹姆斯,18-19,胜,掘金114-121湖人,58.8%,11,11,3,0,28
勒布朗-詹姆斯,18-19,负,马刺110-106湖人,61.9%,11,4,2,0,35
勒布朗-詹姆斯,18-19,负,森林狼124-120湖人,47.8%,10,8,2,2,29
勒布朗-詹姆斯,18-19,胜,独行侠113-114湖人,57.9%,5,6,3,0,29
勒布朗-詹姆斯,18-19,胜,开拓者110-114湖人,45.0%,5,7,0,2,28
勒布朗-詹姆斯,18-19,负,猛龙121-107湖人,50.0%,2,6,0,1,18
勒布朗-詹姆斯,18-19,胜,森林狼110-114湖人,47.6%,11,9,0,2,24
勒布朗-詹姆斯,18-19,胜,国王86-101湖人,55.6%,7,2,1,0,25
勒布朗-詹姆斯,18-19,胜,老鹰106-107湖人,50.0%,7,4,2,0,26
勒布朗-詹姆斯,18-19,胜,开拓者117-126湖人,68.4%,10,9,1,3,44
勒布朗-詹姆斯,18-19,负,魔术130-117湖人,42.1%,4,7,0,1,22
勒布朗-詹姆斯,18-19,胜,热火97-113湖人,61.3%,8,3,2,1,51
勒布朗-詹姆斯,18-19,胜,骑士105-109湖人,55.0%,14,7,0,1,32
勒布朗-詹姆斯,18-19,胜,爵士83-90湖人,47.1%,10,7,2,1,22
勒布朗-詹姆斯,18-19,负,魔术108-104湖人,57.1%,4,7,0,1,24
勒布朗-詹姆斯,18-19,负,掘金117-85湖人,33.3%,7,2,2,2,14
勒布朗-詹姆斯,18-19,胜,步行者96-104湖人,55.6%,9,7,2,0,38
勒布朗-詹姆斯,18-19,胜,独行侠103-114湖人,57.1%,5,4,0,1,28
勒布朗-詹姆斯,18-19,胜,太阳96-120湖人,52.9%,6,8,0,1,22
勒布朗-詹姆斯,18-19,胜,马刺113-121湖人,62.5%,5,6,2,0,42
勒布朗-詹姆斯,18-19,负,马刺133-120湖人,46.4%,8,11,2,0,35
勒布朗-詹姆斯,18-19,胜,灰熊88-111湖人,50.0%,8,9,2,0,20
勒布朗-詹姆斯,18-19,胜,热火105-108湖人,52.6%,9,12,1,0,28
勒布朗-詹姆斯,18-19,负,火箭126-111湖人,66.7%,5,4,2,0,29
勒布朗-詹姆斯,18-19,胜,黄蜂100-128湖人,46.7%,12,11,1,0,24
勒布朗-詹姆斯,18-19,负,奇才128-110湖人,31.3%,6,3,0,1,13
勒布朗-詹姆斯,18-19,负,篮网115-110湖人,56.5%,13,8,1,1,36
勒布朗-詹姆斯,18-19,胜,鹈鹕104-112湖人,40.0%,12,14,2,0,22
勒布朗-詹姆斯,18-19,负,灰熊107-99湖人,57.1%,14,7,1,1,22
勒布朗-詹姆斯,18-19,胜,勇士101-127湖人,54.5%,13,5,1,0,17
勒布朗-詹姆斯,18-19,胜,快船120-123湖人,40.9%,14,9,1,0,24
勒布朗-詹姆斯,18-19,负,步行者136-94湖人,58.3%,7,9,1,0,18
勒布朗-詹姆斯,18-19,胜,凯尔特128-129湖人,52.4%,12,12,3,0,28
勒布朗-詹姆斯,18-19,负, 76人143-120湖人,50.0%,10,9,0,0,18
勒布朗-詹姆斯,18-19,负,老鹰117-113湖人,40.0%,11,16,3,1,28
勒布朗-詹姆斯,18-19,胜,火箭106-111湖人,47.8%,12,6,1,1,29
勒布朗-詹姆斯,18-19,负,鹈鹕128-115湖人,64.7%,7,12,4,1,27
勒布朗-詹姆斯,18-19,负,灰熊110-105湖人,34.8%,12,11,3,0,24
勒布朗-詹姆斯,18-19,胜,鹈鹕119-125湖人,54.2%,6,10,2,1,33
勒布朗-詹姆斯,18-19,负,雄鹿131-120湖人,52.6%,7,10,1,0,31
勒布朗-詹姆斯,18-19,负,太阳118-109湖人,47.6%,9,16,0,0,27
勒布朗-詹姆斯,18-19,负,快船113-105湖人,50.0%,8,6,1,1,27
勒布朗-詹姆斯,18-19,负,掘金115-99湖人,59.1%,7,7,1,1,31
勒布朗-詹姆斯,18-19,负,凯尔特120-107湖人,56.5%,10,12,0,0,30
勒布朗-詹姆斯,18-19,胜,公牛107-123湖人,65.2%,10,4,2,0,36
